cliente_id,ultima_compra,frecuencia,monto_total,recencia,R_score,F_score,M_score,RFM_score,segmento
CLI-0001,2024-07-20,7,1426.11,164,2,3,3,8,Regulares
CLI-0002,2024-03-01,2,210.45999999999998,305,1,1,1,3,Perdidos
CLI-0003,2024-11-11,5,706.08,50,4,2,1,7,Potencial
CLI-0004,2024-09-05,3,1014.36,117,2,1,2,5,Regulares
CLI-0005,2024-11-15,3,822.15,46,4,1,2,7,Potencial
CLI-0006,2024-09-07,5,777.83,115,2,2,2,6,Regulares
CLI-0007,2024-12-04,6,1700.56,27,5,2,4,11,Potencial
CLI-0008,2024-11-24,7,1485.49,37,4,3,4,11,Leales
CLI-0009,2024-09-09,8,1693.13,113,2,4,4,10,En riesgo
CLI-0010,2024-01-27,6,1008.07,339,1,2,2,5,Regulares
CLI-0011,2024-04-29,6,730.6,246,1,2,1,4,Regulares
CLI-0012,2024-10-19,10,1902.97,73,3,5,4,12,Regulares
CLI-0013,2024-12-03,12,1546.57,28,5,5,4,14,Campeones
CLI-0014,2024-09-25,8,3280.64,97,3,4,5,12,Regulares
CLI-0015,2024-11-18,6,896.09,43,4,2,2,8,Potencial
CLI-0016,2024-12-10,17,3271.09,21,5,5,5,15,Campeones
CLI-0017,2024-09-29,6,1735.8500000000001,93,3,2,4,9,Regulares
CLI-0018,2024-07-25,4,865.92,159,2,1,2,5,Regulares
CLI-0019,2024-10-01,5,677.3100000000001,91,3,2,1,6,Regulares
CLI-0020,2024-06-08,5,1871.3,206,1,2,4,7,Regulares
CLI-0021,2024-09-22,7,1257.16,100,3,3,3,9,Regulares
CLI-0022,2024-09-14,2,443.48,108,2,1,1,4,Regulares
CLI-0023,2024-09-06,9,1790.3,116,2,4,4,10,En riesgo
CLI-0024,2024-10-31,8,1812.3000000000002,61,3,4,4,11,Regulares
CLI-0025,2024-12-10,8,705.35,21,5,4,1,10,Leales
CLI-0026,2024-10-28,9,1901.9,64,3,4,4,11,Regulares
CLI-0027,2024-10-20,8,1451.89,72,3,4,4,11,Regulares
CLI-0028,2024-09-19,4,598.0799999999999,103,3,1,1,5,Regulares
CLI-0029,2024-02-18,8,1441.89,317,1,4,3,8,En riesgo
CLI-0030,2024-05-10,4,499.21999999999997,235,1,1,1,3,Perdidos
CLI-0031,2024-12-12,9,2209.19,19,5,4,5,14,Campeones
CLI-0032,2024-04-30,10,1939.24,245,1,5,4,10,En riesgo
CLI-0033,2024-08-15,3,641.05,138,2,1,1,4,Regulares
CLI-0034,2024-11-23,5,603.8199999999999,38,4,2,1,7,Potencial
CLI-0035,2024-12-26,5,1087.0,5,5,2,2,9,Potencial
CLI-0036,2024-03-15,5,1373.5,291,1,2,3,6,Regulares
CLI-0037,2024-05-20,6,1199.93,225,1,2,3,6,Regulares
CLI-0038,2024-10-21,7,1183.1599999999999,71,3,3,3,9,Regulares
CLI-0039,2024-09-01,10,1570.29,121,2,5,4,11,En riesgo
CLI-0040,2024-07-29,5,1265.99,155,2,2,3,7,Regulares
CLI-0041,2024-06-24,7,1948.8500000000001,190,1,3,4,8,Regulares
CLI-0042,2024-09-17,7,1800.57,105,2,3,4,9,Regulares
CLI-0043,2024-10-22,4,819.0600000000001,70,3,1,2,6,Regulares
CLI-0044,2024-10-17,7,1234.22,75,3,3,3,9,Regulares
CLI-0045,2023-08-13,3,413.08000000000004,506,1,1,1,3,Perdidos
CLI-0046,2024-11-13,12,1708.54,48,4,5,4,13,Campeones
CLI-0047,2024-10-05,8,1825.14,87,3,4,4,11,Regulares
CLI-0048,2024-07-03,2,420.65999999999997,181,2,1,1,4,Regulares
CLI-0049,2024-04-06,9,2701.24,269,1,4,5,10,En riesgo
CLI-0050,2024-10-22,6,1630.98,70,3,2,4,9,Regulares
CLI-0051,2024-04-27,6,952.83,248,1,2,2,5,Regulares
CLI-0052,2024-10-22,7,2219.07,70,3,3,5,11,Regulares
CLI-0053,2024-12-27,8,1051.73,4,5,4,2,11,Leales
CLI-0054,2024-09-04,1,306.41,118,2,1,1,4,Regulares
CLI-0055,2024-11-15,7,1085.9,46,4,3,2,9,Leales
CLI-0056,2024-08-14,7,890.0799999999999,139,2,3,2,7,Regulares
CLI-0057,2024-11-23,8,1395.65,38,4,4,3,11,Leales
CLI-0058,2024-11-30,6,603.12,31,4,2,1,7,Potencial
CLI-0059,2024-10-12,8,1176.27,80,3,4,3,10,Regulares
CLI-0060,2024-12-26,6,1322.74,5,5,2,3,10,Potencial
CLI-0061,2024-08-24,7,1249.42,129,2,3,3,8,Regulares
CLI-0062,2024-10-11,10,1775.59,81,3,5,4,12,Regulares
CLI-0063,2024-12-22,9,2264.7200000000003,9,5,4,5,14,Campeones
CLI-0064,2024-06-17,5,1035.53,197,1,2,2,5,Regulares
CLI-0065,2024-08-12,6,1242.2,141,2,2,3,7,Regulares
CLI-0066,2024-08-03,6,1457.8600000000001,150,2,2,4,8,Regulares
CLI-0067,2024-09-09,9,1788.13,113,2,4,4,10,En riesgo
CLI-0068,2024-07-21,7,1018.39,163,2,3,2,7,Regulares
CLI-0069,2024-10-26,10,2396.04,66,3,5,5,13,Campeones
CLI-0070,2024-07-18,5,909.68,166,2,2,2,6,Regulares
CLI-0071,2024-12-23,5,756.15,8,5,2,1,8,Potencial
CLI-0072,2024-12-26,9,1453.19,5,5,4,4,13,Campeones
CLI-0073,2024-11-08,3,498.85,53,4,1,1,6,Potencial
CLI-0074,2024-11-15,10,1522.44,46,4,5,4,13,Campeones
CLI-0075,2024-12-12,6,1127.75,19,5,2,3,10,Potencial
CLI-0076,2024-12-27,6,2220.98,4,5,2,5,12,Potencial
CLI-0077,2024-10-03,4,515.96,89,3,1,1,5,Regulares
CLI-0078,2024-07-09,7,3193.46,175,2,3,5,10,Regulares
CLI-0079,2024-10-31,9,2377.16,61,3,4,5,12,Regulares
CLI-0080,2024-04-30,4,717.1800000000001,245,1,1,1,3,Perdidos
CLI-0081,2024-07-23,5,557.83,161,2,2,1,5,Regulares
CLI-0082,2024-12-13,8,1093.48,18,5,4,2,11,Leales
CLI-0083,2024-08-18,3,1810.9600000000003,135,2,1,4,7,Regulares
CLI-0084,2024-10-19,9,3145.81,73,3,4,5,12,Regulares
CLI-0085,2024-11-24,7,2190.53,37,4,3,5,12,Leales
CLI-0086,2024-09-25,9,3084.82,97,3,4,5,12,Regulares
CLI-0087,2024-06-22,6,1802.27,192,1,2,4,7,Regulares
CLI-0088,2024-11-21,7,1746.66,40,4,3,4,11,Leales
CLI-0089,2024-02-29,2,377.76,306,1,1,1,3,Perdidos
CLI-0090,2024-11-13,7,1233.42,48,4,3,3,10,Leales
CLI-0091,2024-11-19,6,1026.16,42,4,2,2,8,Potencial
CLI-0092,2024-09-24,8,1959.19,98,3,4,4,11,Regulares
CLI-0093,2024-12-09,6,793.14,22,5,2,2,9,Potencial
CLI-0094,2024-01-15,2,235.62,351,1,1,1,3,Perdidos
CLI-0095,2024-12-23,12,2007.23,8,5,5,5,15,Campeones
CLI-0096,2024-03-03,6,1283.8,303,1,2,3,6,Regulares
CLI-0097,2024-11-21,8,989.66,40,4,4,2,10,Leales
CLI-0098,2023-06-12,1,190.16,568,1,1,1,3,Perdidos
CLI-0099,2024-12-13,7,995.08,18,5,3,2,10,Leales
CLI-0100,2024-04-28,7,1358.94,247,1,3,3,7,Regulares
CLI-0101,2024-05-17,7,934.48,228,1,3,2,6,Regulares
CLI-0102,2024-09-21,2,419.4,101,3,1,1,5,Regulares
CLI-0103,2024-11-19,3,687.99,42,4,1,1,6,Potencial
CLI-0104,2024-04-29,7,1381.9,246,1,3,3,7,Regulares
CLI-0105,2024-09-19,12,1745.82,103,3,5,4,12,Regulares
CLI-0106,2024-12-26,10,1096.44,5,5,5,2,12,Leales
CLI-0107,2024-03-08,6,1042.6100000000001,298,1,2,2,5,Regulares
CLI-0108,2023-11-17,4,583.8,410,1,1,1,3,Perdidos
CLI-0109,2024-11-21,4,1000.43,40,4,1,2,7,Potencial
CLI-0110,2024-09-15,4,951.21,107,2,1,2,5,Regulares
CLI-0111,2024-12-20,7,1275.28,11,5,3,3,11,Leales
CLI-0112,2024-09-12,10,2515.71,110,2,5,5,12,En riesgo
CLI-0113,2024-09-07,9,2014.19,115,2,4,5,11,En riesgo
CLI-0114,2024-10-29,5,887.14,63,3,2,2,7,Regulares
CLI-0115,2024-07-16,8,1881.73,168,2,4,4,10,En riesgo
CLI-0116,2024-11-29,6,995.03,32,4,2,2,8,Potencial
CLI-0117,2024-09-03,10,1632.65,119,2,5,4,11,En riesgo
CLI-0118,2024-12-29,8,1894.79,2,5,4,4,13,Campeones
CLI-0119,2024-03-05,2,355.15,301,1,1,1,3,Perdidos
CLI-0120,2023-12-27,4,877.66,370,1,1,2,4,Perdidos
CLI-0121,2024-11-28,7,896.1800000000001,33,4,3,2,9,Leales
CLI-0122,2024-07-28,9,2177.18,156,2,4,5,11,En riesgo
CLI-0123,2024-11-17,8,826.69,44,4,4,2,10,Leales
CLI-0124,2024-05-08,2,233.66,237,1,1,1,3,Perdidos
CLI-0125,2024-09-23,5,903.1800000000001,99,3,2,2,7,Regulares
CLI-0126,2024-08-03,4,955.77,150,2,1,2,5,Regulares
CLI-0127,2024-02-09,3,462.91999999999996,326,1,1,1,3,Perdidos
CLI-0128,2024-11-16,4,262.59,45,4,1,1,6,Potencial
CLI-0129,2024-09-30,5,1445.1399999999999,92,3,2,3,8,Regulares
CLI-0130,2024-09-20,3,850.14,102,3,1,2,6,Regulares
CLI-0131,2024-11-20,8,2187.48,41,4,4,5,13,Campeones
CLI-0132,2024-11-28,8,1044.7,33,4,4,2,10,Leales
CLI-0133,2024-08-23,16,2964.41,130,2,5,5,12,En riesgo
CLI-0134,2024-08-24,7,1208.74,129,2,3,3,8,Regulares
CLI-0135,2024-09-20,4,578.05,102,3,1,1,5,Regulares
CLI-0136,2024-08-04,5,862.79,149,2,2,2,6,Regulares
CLI-0137,2024-11-04,3,1150.17,57,4,1,3,8,Potencial
CLI-0138,2024-02-18,5,1064.52,317,1,2,2,5,Regulares
CLI-0139,2024-11-30,9,3033.61,31,4,4,5,13,Campeones
CLI-0140,2024-07-24,4,1133.4,160,2,1,3,6,Regulares
CLI-0141,2024-10-04,5,1243.8,88,3,2,3,8,Regulares
CLI-0142,2024-12-27,4,2981.2000000000003,4,5,1,5,11,Potencial
CLI-0143,2024-12-01,4,606.4499999999999,30,4,1,1,6,Potencial
CLI-0144,2024-10-06,7,1123.65,86,3,3,3,9,Regulares
CLI-0145,2024-03-20,4,954.73,286,1,1,2,4,Perdidos
CLI-0146,2024-12-08,5,1158.17,23,5,2,3,10,Potencial
CLI-0147,2024-12-25,9,2057.74,6,5,4,5,14,Campeones
CLI-0148,2024-10-19,6,697.14,73,3,2,1,6,Regulares
CLI-0149,2024-10-27,13,2434.33,65,3,5,5,13,Campeones
CLI-0150,2024-11-25,6,979.0,36,4,2,2,8,Potencial
CLI-0151,2024-11-29,4,605.6,32,4,1,1,6,Potencial
CLI-0152,2024-05-07,5,1713.61,238,1,2,4,7,Regulares
CLI-0153,2024-12-05,3,2034.12,26,5,1,5,11,Potencial
CLI-0154,2024-10-26,5,670.01,66,3,2,1,6,Regulares
CLI-0155,2024-12-17,7,1654.79,14,5,3,4,12,Leales
CLI-0156,2024-10-10,6,1518.8300000000002,82,3,2,4,9,Regulares
CLI-0157,2024-10-08,5,576.03,84,3,2,1,6,Regulares
CLI-0158,2024-12-28,9,1447.8000000000002,3,5,4,4,13,Campeones
CLI-0159,2024-11-09,6,1427.78,52,4,2,3,9,Potencial
CLI-0160,2024-06-18,4,811.28,196,1,1,2,4,Perdidos
CLI-0161,2024-12-27,10,2380.7,4,5,5,5,15,Campeones
CLI-0162,2024-09-02,10,1596.52,120,2,5,4,11,En riesgo
CLI-0163,2024-11-20,3,662.2,41,4,1,1,6,Potencial
CLI-0164,2024-12-26,3,695.6199999999999,5,5,1,1,7,Potencial
CLI-0165,2024-12-21,8,2305.5,10,5,4,5,14,Campeones
CLI-0166,2024-10-24,6,1003.54,68,3,2,2,7,Regulares
CLI-0167,2024-12-02,6,1463.79,29,4,2,4,10,Potencial
CLI-0168,2024-10-14,6,1614.7199999999998,78,3,2,4,9,Regulares
CLI-0169,2024-06-06,10,2597.43,208,1,5,5,11,En riesgo
CLI-0170,2024-10-22,2,720.08,70,3,1,1,5,Regulares
CLI-0171,2024-06-03,4,817.68,211,1,1,2,4,Perdidos
CLI-0172,2024-12-04,9,2508.3999999999996,27,5,4,5,14,Campeones
CLI-0173,2024-08-10,5,682.4200000000001,143,2,2,1,5,Regulares
CLI-0174,2024-12-21,2,160.59,10,5,1,1,7,Potencial
CLI-0175,2024-12-02,9,1254.71,29,4,4,3,11,Leales
CLI-0176,2024-11-21,8,1498.18,40,4,4,4,12,Leales
CLI-0177,2024-10-25,9,1116.92,67,3,4,3,10,Regulares
CLI-0178,2024-10-24,7,1652.94,68,3,3,4,10,Regulares
CLI-0179,2024-09-19,5,1266.5900000000001,103,3,2,3,8,Regulares
CLI-0180,2024-12-17,7,1006.02,14,5,3,2,10,Leales
CLI-0181,2024-11-21,10,1849.97,40,4,5,4,13,Campeones
CLI-0182,2024-02-04,3,398.09999999999997,331,1,1,1,3,Perdidos
CLI-0183,2024-05-20,3,1081.71,225,1,1,2,4,Perdidos
CLI-0184,2024-11-19,4,733.9399999999999,42,4,1,1,6,Potencial
CLI-0185,2024-11-07,6,1680.94,54,4,2,4,10,Potencial
CLI-0186,2024-11-05,10,2361.72,56,4,5,5,14,Campeones
CLI-0187,2024-07-20,7,1872.01,164,2,3,4,9,Regulares
CLI-0188,2024-09-01,5,667.07,121,2,2,1,5,Regulares
CLI-0189,2023-02-20,3,1692.11,680,1,1,4,6,Perdidos
CLI-0190,2024-12-03,3,1117.09,28,5,1,3,9,Potencial
CLI-0191,2024-08-22,5,1165.03,131,2,2,3,7,Regulares
CLI-0192,2024-10-31,9,1489.42,61,3,4,4,11,Regulares
CLI-0193,2024-10-24,6,982.11,68,3,2,2,7,Regulares
CLI-0194,2024-09-29,7,1351.68,93,3,3,3,9,Regulares
CLI-0195,2024-06-29,4,1178.4,185,1,1,3,5,Perdidos
CLI-0196,2024-10-14,10,1379.82,78,3,5,3,11,Regulares
CLI-0197,2024-06-13,4,397.82,201,1,1,1,3,Perdidos
CLI-0198,2024-11-12,8,1700.17,49,4,4,4,12,Leales
CLI-0199,2024-12-09,3,806.97,22,5,1,2,8,Potencial
CLI-0200,2023-07-24,4,988.39,526,1,1,2,4,Perdidos
CLI-0201,2024-12-29,4,255.34,2,5,1,1,7,Potencial
CLI-0202,2024-12-04,9,1392.96,27,5,4,3,12,Leales
CLI-0203,2024-11-15,4,851.8199999999999,46,4,1,2,7,Potencial
CLI-0204,2024-08-14,10,1981.86,139,2,5,5,12,En riesgo
CLI-0205,2024-11-21,6,1025.77,40,4,2,2,8,Potencial
CLI-0206,2024-05-03,3,1100.82,242,1,1,2,4,Perdidos
CLI-0207,2024-02-24,6,725.5,311,1,2,1,4,Regulares
CLI-0208,2024-12-20,6,2830.43,11,5,2,5,12,Potencial
CLI-0209,2024-06-26,7,1482.63,188,1,3,4,8,Regulares
CLI-0210,2024-12-02,7,860.95,29,4,3,2,9,Leales
CLI-0211,2024-09-02,7,1610.62,120,2,3,4,9,Regulares
CLI-0212,2024-10-18,4,880.5999999999999,74,3,1,2,6,Regulares
CLI-0213,2024-05-12,9,1192.4,233,1,4,3,8,En riesgo
CLI-0214,2024-11-23,7,1708.73,38,4,3,4,11,Leales
CLI-0215,2024-12-27,6,488.01,4,5,2,1,8,Potencial
CLI-0216,2024-12-04,9,1133.29,27,5,4,3,12,Leales
CLI-0217,2024-09-12,12,2464.83,110,2,5,5,12,En riesgo
CLI-0218,2024-06-03,5,664.63,211,1,2,1,4,Regulares
CLI-0219,2024-12-14,4,2225.82,17,5,1,5,11,Potencial
CLI-0220,2024-05-25,4,870.38,220,1,1,2,4,Perdidos
CLI-0221,2024-10-25,10,2513.52,67,3,5,5,13,Campeones
CLI-0222,2024-09-15,7,1721.83,107,2,3,4,9,Regulares
CLI-0223,2024-12-19,7,1396.9,12,5,3,3,11,Leales
CLI-0224,2024-10-10,4,588.73,82,3,1,1,5,Regulares
CLI-0225,2024-12-25,5,598.52,6,5,2,1,8,Potencial
CLI-0226,2024-10-24,8,1638.76,68,3,4,4,11,Regulares
CLI-0227,2024-11-09,5,2429.87,52,4,2,5,11,Potencial
CLI-0228,2024-10-24,7,1033.74,68,3,3,2,8,Regulares
CLI-0229,2024-11-30,8,1900.02,31,4,4,4,12,Leales
CLI-0230,2024-08-19,4,563.17,134,2,1,1,4,Regulares
CLI-0231,2024-09-06,8,1117.99,116,2,4,3,9,En riesgo
CLI-0232,2024-10-13,6,943.16,79,3,2,2,7,Regulares
CLI-0233,2024-07-20,9,3322.39,164,2,4,5,11,En riesgo
CLI-0234,2024-12-26,10,1525.01,5,5,5,4,14,Campeones
CLI-0235,2024-08-17,8,1079.5900000000001,136,2,4,2,8,En riesgo
CLI-0236,2024-10-12,8,2335.4500000000003,80,3,4,5,12,Regulares
CLI-0237,2024-10-09,4,820.4499999999999,83,3,1,2,6,Regulares
CLI-0238,2024-12-28,5,1108.5900000000001,3,5,2,3,10,Potencial
CLI-0239,2024-05-14,10,1678.61,231,1,5,4,10,En riesgo
CLI-0240,2024-11-03,8,1874.73,58,4,4,4,12,Leales
CLI-0241,2024-06-13,5,1261.85,201,1,2,3,6,Regulares
CLI-0242,2024-10-25,7,1755.15,67,3,3,4,10,Regulares
CLI-0243,2024-12-29,7,1581.23,2,5,3,4,12,Leales
CLI-0244,2024-11-25,11,2872.08,36,4,5,5,14,Campeones
CLI-0245,2024-11-05,10,1625.83,56,4,5,4,13,Campeones
CLI-0246,2024-11-28,10,1521.06,33,4,5,4,13,Campeones
CLI-0247,2024-08-03,4,684.54,150,2,1,1,4,Regulares
CLI-0248,2023-05-14,4,860.09,597,1,1,2,4,Perdidos
CLI-0249,2024-12-24,7,1256.6,7,5,3,3,11,Leales
CLI-0250,2024-12-21,5,1491.31,10,5,2,4,11,Potencial
CLI-0251,2023-01-22,1,81.17,709,1,1,1,3,Perdidos
CLI-0252,2024-03-21,2,377.01,285,1,1,1,3,Perdidos
CLI-0253,2024-11-26,10,2408.14,35,4,5,5,14,Campeones
CLI-0254,2024-08-26,6,2015.24,127,2,2,5,9,Regulares
CLI-0255,2024-04-02,7,1332.29,273,1,3,3,7,Regulares
CLI-0256,2024-11-27,6,922.9,34,4,2,2,8,Potencial
CLI-0257,2024-11-13,12,2037.52,48,4,5,5,14,Campeones
CLI-0258,2024-06-16,5,2078.8599999999997,198,1,2,5,8,Regulares
CLI-0259,2024-10-30,9,2448.68,62,3,4,5,12,Regulares
CLI-0260,2024-11-18,8,1589.3999999999999,43,4,4,4,12,Leales
CLI-0261,2024-10-17,4,707.14,75,3,1,1,5,Regulares
CLI-0262,2024-03-15,4,794.9,291,1,1,2,4,Perdidos
CLI-0263,2024-03-24,6,1173.35,282,1,2,3,6,Regulares
CLI-0264,2024-09-16,8,1491.67,106,2,4,4,10,En riesgo
CLI-0265,2024-12-18,5,1103.42,13,5,2,2,9,Potencial
CLI-0266,2024-12-28,4,1006.81,3,5,1,2,8,Potencial
CLI-0267,2024-10-15,6,1237.95,77,3,2,3,8,Regulares
CLI-0268,2024-10-23,7,1898.21,69,3,3,4,10,Regulares
CLI-0269,2024-09-19,9,1012.5500000000001,103,3,4,2,9,Regulares
CLI-0270,2024-05-18,10,2531.8,227,1,5,5,11,En riesgo
CLI-0271,2024-10-23,12,2167.8,69,3,5,5,13,Campeones
CLI-0272,2024-07-13,5,579.27,171,2,2,1,5,Regulares
CLI-0273,2024-10-07,8,2159.6099999999997,85,3,4,5,12,Regulares
CLI-0274,2024-10-04,4,802.87,88,3,1,2,6,Regulares
CLI-0275,2024-12-01,8,1218.53,30,4,4,3,11,Leales
CLI-0276,2024-12-20,7,1318.23,11,5,3,3,11,Leales
CLI-0277,2023-11-14,4,1367.8,413,1,1,3,5,Perdidos
CLI-0278,2024-05-23,6,1653.18,222,1,2,4,7,Regulares
CLI-0279,2024-11-24,7,1289.76,37,4,3,3,10,Leales
CLI-0280,2024-12-21,6,1320.47,10,5,2,3,10,Potencial
CLI-0281,2024-10-02,4,1411.27,90,3,1,3,7,Regulares
CLI-0282,2024-10-17,6,1940.55,75,3,2,4,9,Regulares
CLI-0283,2024-12-15,7,2688.43,16,5,3,5,13,Campeones
CLI-0284,2024-11-22,6,1051.31,39,4,2,2,8,Potencial
CLI-0285,2024-06-29,5,603.51,185,1,2,1,4,Regulares
CLI-0286,2024-01-19,7,1375.57,347,1,3,3,7,Regulares
CLI-0287,2024-03-29,2,319.39,277,1,1,1,3,Perdidos
CLI-0288,2024-11-08,10,2037.21,53,4,5,5,14,Campeones
CLI-0289,2024-04-27,6,1658.05,248,1,2,4,7,Regulares
CLI-0290,2024-10-06,8,1477.54,86,3,4,4,11,Regulares
CLI-0291,2024-05-12,2,530.95,233,1,1,1,3,Perdidos
CLI-0292,2024-12-15,5,1407.0500000000002,16,5,2,3,10,Potencial
CLI-0293,2024-11-15,10,1932.69,46,4,5,4,13,Campeones
CLI-0294,2024-11-16,8,1300.65,45,4,4,3,11,Leales
CLI-0295,2024-08-23,6,860.41,130,2,2,2,6,Regulares
CLI-0296,2024-06-06,6,912.5999999999999,208,1,2,2,5,Regulares
CLI-0297,2024-05-30,7,1198.58,215,1,3,3,7,Regulares
CLI-0298,2024-11-16,6,1282.36,45,4,2,3,9,Potencial
CLI-0299,2024-07-23,8,1416.17,161,2,4,3,9,En riesgo
CLI-0300,2024-11-10,8,1584.3600000000001,51,4,4,4,12,Leales
CLI-0301,2024-10-31,4,526.71,61,3,1,1,5,Regulares
CLI-0302,2024-08-09,10,2443.95,144,2,5,5,12,En riesgo
CLI-0303,2024-12-29,9,1211.09,2,5,4,3,12,Leales
CLI-0304,2024-12-07,9,1667.3999999999999,24,5,4,4,13,Campeones
CLI-0305,2023-09-04,3,232.14000000000001,484,1,1,1,3,Perdidos
CLI-0306,2024-05-14,3,532.36,231,1,1,1,3,Perdidos
CLI-0307,2024-10-15,13,2816.46,77,3,5,5,13,Campeones
CLI-0308,2024-11-17,12,3264.8399999999997,44,4,5,5,14,Campeones
CLI-0309,2024-07-27,5,701.53,157,2,2,1,5,Regulares
CLI-0310,2024-09-17,6,786.95,105,2,2,2,6,Regulares
CLI-0311,2024-11-29,8,1131.46,32,4,4,3,11,Leales
CLI-0312,2024-12-20,4,568.6600000000001,11,5,1,1,7,Potencial
CLI-0313,2024-12-26,3,1320.9,5,5,1,3,9,Potencial
CLI-0314,2024-11-12,6,1346.9099999999999,49,4,2,3,9,Potencial
CLI-0315,2024-12-05,6,537.12,26,5,2,1,8,Potencial
CLI-0316,2024-09-19,5,1684.79,103,3,2,4,9,Regulares
CLI-0317,2024-11-06,10,2611.25,55,4,5,5,14,Campeones
CLI-0318,2024-07-27,5,667.8599999999999,157,2,2,1,5,Regulares
CLI-0319,2024-12-08,7,1300.38,23,5,3,3,11,Leales
CLI-0320,2024-10-26,11,2624.47,66,3,5,5,13,Campeones
CLI-0321,2024-10-07,7,1150.26,85,3,3,3,9,Regulares
CLI-0322,2024-02-18,2,811.38,317,1,1,2,4,Perdidos
CLI-0323,2023-12-25,4,1288.52,372,1,1,3,5,Perdidos
CLI-0324,2024-11-27,6,616.03,34,4,2,1,7,Potencial
CLI-0325,2024-09-22,10,2103.93,100,3,5,5,13,Campeones
CLI-0326,2024-10-09,5,1011.21,83,3,2,2,7,Regulares
CLI-0327,2024-01-01,5,832.74,365,1,2,2,5,Regulares
CLI-0328,2024-07-20,5,883.4300000000001,164,2,2,2,6,Regulares
CLI-0329,2024-11-02,9,2280.46,59,3,4,5,12,Regulares
CLI-0330,2024-11-25,10,1384.76,36,4,5,3,12,Leales
CLI-0331,2024-12-09,7,839.73,22,5,3,2,10,Leales
CLI-0332,2024-08-06,9,2131.94,147,2,4,5,11,En riesgo
CLI-0333,2024-12-04,9,1471.74,27,5,4,4,13,Campeones
CLI-0334,2024-08-13,7,1311.48,140,2,3,3,8,Regulares
CLI-0335,2024-12-20,7,1178.02,11,5,3,3,11,Leales
CLI-0336,2024-09-01,6,1062.13,121,2,2,2,6,Regulares
CLI-0337,2024-01-31,3,1064.57,335,1,1,2,4,Perdidos
CLI-0338,2024-03-26,4,1158.37,280,1,1,3,5,Perdidos
CLI-0339,2024-09-19,8,1301.06,103,3,4,3,10,Regulares
CLI-0340,2024-09-21,6,726.63,101,3,2,1,6,Regulares
CLI-0341,2024-11-18,5,1115.75,43,4,2,3,9,Potencial
CLI-0342,2024-12-14,9,1403.82,17,5,4,3,12,Leales
CLI-0343,2024-11-11,5,1144.1100000000001,50,4,2,3,9,Potencial
CLI-0344,2024-12-27,9,2520.69,4,5,4,5,14,Campeones
CLI-0345,2024-06-10,5,1704.08,204,1,2,4,7,Regulares
CLI-0346,2024-04-03,3,315.38,272,1,1,1,3,Perdidos
CLI-0347,2024-10-19,4,353.89,73,3,1,1,5,Regulares
CLI-0348,2024-12-22,11,2391.55,9,5,5,5,15,Campeones
CLI-0349,2024-09-04,5,1196.85,118,2,2,3,7,Regulares
CLI-0350,2024-11-10,6,628.41,51,4,2,1,7,Potencial
CLI-0351,2024-11-04,8,1961.6100000000001,57,4,4,5,13,Campeones
CLI-0352,2024-02-07,4,1192.94,328,1,1,3,5,Perdidos
CLI-0353,2024-05-09,6,1430.91,236,1,2,3,6,Regulares
CLI-0354,2023-10-16,4,324.63,442,1,1,1,3,Perdidos
CLI-0355,2024-12-04,5,1328.46,27,5,2,3,10,Potencial
CLI-0356,2024-11-30,9,1100.19,31,4,4,2,10,Leales
CLI-0357,2024-12-26,10,2895.6800000000003,5,5,5,5,15,Campeones
CLI-0358,2023-12-05,1,55.05,392,1,1,1,3,Perdidos
CLI-0359,2024-09-25,7,1323.5600000000002,97,3,3,3,9,Regulares
CLI-0360,2024-12-28,7,851.5899999999999,3,5,3,2,10,Leales
CLI-0361,2023-11-30,2,319.75,397,1,1,1,3,Perdidos
CLI-0362,2024-01-16,5,1301.76,350,1,2,3,6,Regulares
CLI-0363,2024-06-09,7,1211.7,205,1,3,3,7,Regulares
CLI-0364,2024-12-12,5,688.14,19,5,2,1,8,Potencial
CLI-0365,2024-06-19,8,947.49,195,1,4,2,7,En riesgo
CLI-0366,2024-12-09,5,1348.6200000000001,22,5,2,3,10,Potencial
CLI-0367,2024-10-26,7,1601.52,66,3,3,4,10,Regulares
CLI-0368,2024-10-06,10,2133.59,86,3,5,5,13,Campeones
CLI-0369,2024-05-22,5,1686.62,223,1,2,4,7,Regulares
CLI-0370,2024-06-13,6,1998.21,201,1,2,5,8,Regulares
CLI-0371,2024-10-02,9,1294.3899999999999,90,3,4,3,10,Regulares
CLI-0372,2024-12-11,7,1487.05,20,5,3,4,12,Leales
CLI-0373,2024-09-20,7,1131.07,102,3,3,3,9,Regulares
CLI-0374,2024-12-28,5,620.6800000000001,3,5,2,1,8,Potencial
CLI-0375,2024-08-05,6,824.2,148,2,2,2,6,Regulares
CLI-0376,2024-09-26,12,3493.04,96,3,5,5,13,Campeones
CLI-0377,2024-04-08,5,443.21,267,1,2,1,4,Regulares
CLI-0378,2024-11-04,8,1618.4499999999998,57,4,4,4,12,Leales
CLI-0379,2024-06-09,11,2314.31,205,1,5,5,11,En riesgo
CLI-0380,2024-10-20,6,525.93,72,3,2,1,6,Regulares
CLI-0381,2024-12-11,10,1838.05,20,5,5,4,14,Campeones
CLI-0382,2024-12-01,11,1964.86,30,4,5,5,14,Campeones
CLI-0383,2024-11-29,6,706.15,32,4,2,1,7,Potencial
CLI-0384,2024-01-14,4,1259.12,352,1,1,3,5,Perdidos
CLI-0385,2024-11-20,6,848.4499999999999,41,4,2,2,8,Potencial
CLI-0386,2024-10-25,6,463.33,67,3,2,1,6,Regulares
CLI-0387,2024-12-28,12,2569.98,3,5,5,5,15,Campeones
CLI-0388,2024-04-14,5,1518.95,261,1,2,4,7,Regulares
CLI-0389,2024-08-20,5,938.77,133,2,2,2,6,Regulares
CLI-0390,2024-11-29,8,2453.0,32,4,4,5,13,Campeones
CLI-0391,2024-09-01,5,573.87,121,2,2,1,5,Regulares
CLI-0392,2024-09-22,1,245.99,100,3,1,1,5,Regulares
CLI-0393,2024-11-28,9,1591.0,33,4,4,4,12,Leales
CLI-0394,2024-08-28,6,1307.68,125,2,2,3,7,Regulares
CLI-0395,2024-11-29,8,1377.66,32,4,4,3,11,Leales
CLI-0396,2024-09-29,14,2637.2,93,3,5,5,13,Campeones
CLI-0397,2024-10-20,7,1046.01,72,3,3,2,8,Regulares
CLI-0398,2024-12-08,5,1776.9099999999999,23,5,2,4,11,Potencial
CLI-0399,2024-10-29,9,2352.2,63,3,4,5,12,Regulares
CLI-0400,2024-12-12,5,829.44,19,5,2,2,9,Potencial
CLI-0401,2024-11-26,7,1337.9,35,4,3,3,10,Leales
CLI-0402,2024-08-31,5,1038.35,122,2,2,2,6,Regulares
CLI-0403,2024-04-09,8,1123.05,266,1,4,3,8,En riesgo
CLI-0404,2024-12-29,4,1150.38,2,5,1,3,9,Potencial
CLI-0405,2024-09-11,5,510.12,111,2,2,1,5,Regulares
CLI-0406,2024-12-30,3,913.0799999999999,1,5,1,2,8,Potencial
CLI-0407,2024-11-15,4,587.96,46,4,1,1,6,Potencial
CLI-0408,2024-08-19,4,912.41,134,2,1,2,5,Regulares
CLI-0409,2024-10-16,5,1016.71,76,3,2,2,7,Regulares
CLI-0410,2024-11-06,9,1374.77,55,4,4,3,11,Leales
CLI-0411,2024-12-27,6,532.04,4,5,2,1,8,Potencial
CLI-0412,2024-06-27,8,2514.2599999999998,187,1,4,5,10,En riesgo
CLI-0413,2024-10-13,8,1731.18,79,3,4,4,11,Regulares
CLI-0414,2024-12-09,4,674.8100000000001,22,5,1,1,7,Potencial
CLI-0415,2024-12-10,8,1257.29,21,5,4,3,12,Leales
CLI-0416,2024-12-25,7,2479.15,6,5,3,5,13,Campeones
CLI-0417,2024-11-30,7,2465.5,31,4,3,5,12,Leales
CLI-0418,2024-10-20,4,825.34,72,3,1,2,6,Regulares
CLI-0419,2024-07-10,6,929.28,174,2,2,2,6,Regulares
CLI-0420,2024-02-26,7,838.1999999999999,309,1,3,2,6,Regulares
CLI-0421,2024-09-02,7,2448.06,120,2,3,5,10,Regulares
CLI-0422,2024-11-19,6,2666.05,42,4,2,5,11,Potencial
CLI-0423,2024-11-22,8,5133.530000000001,39,4,4,5,13,Campeones
CLI-0424,2023-11-29,2,367.51,398,1,1,1,3,Perdidos
CLI-0425,2024-07-02,1,122.48,182,1,1,1,3,Perdidos
CLI-0426,2024-09-08,9,1905.74,114,2,4,4,10,En riesgo
CLI-0427,2024-09-09,8,1592.25,113,2,4,4,10,En riesgo
CLI-0428,2024-11-25,9,1658.51,36,4,4,4,12,Leales
CLI-0429,2024-11-10,4,662.62,51,4,1,1,6,Potencial
CLI-0430,2024-12-02,5,1107.65,29,4,2,3,9,Potencial
CLI-0431,2024-12-03,8,1221.66,28,5,4,3,12,Leales
CLI-0432,2024-02-24,6,782.2,311,1,2,2,5,Regulares
CLI-0433,2024-05-11,4,613.56,234,1,1,1,3,Perdidos
CLI-0434,2024-11-17,11,2833.6600000000003,44,4,5,5,14,Campeones
CLI-0435,2024-04-22,3,232.28,253,1,1,1,3,Perdidos
CLI-0436,2024-03-30,3,191.08,276,1,1,1,3,Perdidos
CLI-0437,2024-11-06,6,948.6899999999999,55,4,2,2,8,Potencial
CLI-0438,2024-10-20,6,1047.18,72,3,2,2,7,Regulares
CLI-0439,2024-11-18,8,2161.7200000000003,43,4,4,5,13,Campeones
CLI-0440,2024-11-17,8,2073.6,44,4,4,5,13,Campeones
CLI-0441,2024-10-30,8,1230.3799999999999,62,3,4,3,10,Regulares
CLI-0442,2024-07-15,6,642.04,169,2,2,1,5,Regulares
CLI-0443,2024-06-13,8,1056.71,201,1,4,2,7,En riesgo
CLI-0444,2024-12-25,10,1472.26,6,5,5,4,14,Campeones
CLI-0445,2024-10-27,7,1145.48,65,3,3,3,9,Regulares
CLI-0446,2024-07-30,9,1441.8899999999999,154,2,4,3,9,En riesgo
CLI-0447,2024-11-30,5,871.2800000000001,31,4,2,2,8,Potencial
CLI-0448,2024-04-15,4,611.0600000000001,260,1,1,1,3,Perdidos
CLI-0449,2024-06-21,7,1142.8500000000001,193,1,3,3,7,Regulares
CLI-0450,2024-10-22,9,1082.0,70,3,4,2,9,Regulares
CLI-0451,2024-08-11,2,455.95000000000005,142,2,1,1,4,Regulares
CLI-0452,2024-10-07,4,626.49,85,3,1,1,5,Regulares
CLI-0453,2024-12-17,9,2173.7,14,5,4,5,14,Campeones
CLI-0454,2024-10-11,6,891.18,81,3,2,2,7,Regulares
CLI-0455,2024-12-25,11,2356.38,6,5,5,5,15,Campeones
CLI-0456,2024-12-13,6,752.86,18,5,2,1,8,Potencial
CLI-0457,2024-08-26,6,985.71,127,2,2,2,6,Regulares
CLI-0458,2024-04-30,4,942.56,245,1,1,2,4,Perdidos
CLI-0459,2024-06-13,5,1564.9,201,1,2,4,7,Regulares
CLI-0460,2024-06-30,4,1420.13,184,1,1,3,5,Perdidos
CLI-0461,2024-10-09,4,500.92,83,3,1,1,5,Regulares
CLI-0462,2024-12-27,7,1724.15,4,5,3,4,12,Leales
CLI-0463,2024-11-28,7,2678.01,33,4,3,5,12,Leales
CLI-0464,2024-08-10,12,1939.6299999999999,143,2,5,4,11,En riesgo
CLI-0465,2024-11-09,7,1703.6200000000001,52,4,3,4,11,Leales
CLI-0466,2024-11-30,13,2051.23,31,4,5,5,14,Campeones
CLI-0467,2024-10-18,6,1204.62,74,3,3,3,9,Regulares
CLI-0468,2024-08-23,9,2868.11,130,2,4,5,11,En riesgo
CLI-0469,2024-12-26,3,671.04,5,5,1,1,7,Potencial
CLI-0470,2024-12-22,7,1188.06,9,5,3,3,11,Leales
CLI-0471,2024-11-08,6,1197.1000000000001,53,4,3,3,10,Leales
CLI-0472,2024-01-11,3,2044.63,355,1,1,5,7,Perdidos
CLI-0473,2024-10-27,8,1357.78,65,3,4,3,10,Regulares
CLI-0474,2024-12-25,9,1847.68,6,5,5,4,14,Campeones
CLI-0475,2024-08-20,11,2809.0,133,2,5,5,12,En riesgo
CLI-0476,2024-12-09,7,784.7,22,5,3,2,10,Leales
CLI-0477,2024-12-26,3,422.56000000000006,5,5,1,1,7,Potencial
CLI-0478,2024-09-25,7,1082.55,97,3,3,2,8,Regulares
CLI-0479,2024-01-26,5,664.7,340,1,2,1,4,Regulares
CLI-0480,2024-03-09,5,1020.8,297,1,2,2,5,Regulares
CLI-0481,2024-07-18,7,1259.8600000000001,166,2,3,3,8,Regulares
CLI-0482,2024-10-16,6,881.29,76,3,3,2,8,Regulares
CLI-0483,2024-12-01,6,1029.48,30,4,3,2,9,Leales
CLI-0484,2024-11-19,10,2160.11,42,4,5,5,14,Campeones
CLI-0485,2024-11-20,2,736.6200000000001,41,4,1,1,6,Potencial
CLI-0486,2024-12-08,7,706.12,23,5,3,1,9,Leales
CLI-0487,2024-10-22,4,396.2,70,3,1,1,5,Regulares
CLI-0488,2023-05-05,1,147.75,606,1,1,1,3,Perdidos
CLI-0489,2024-07-13,6,1012.7,171,2,3,2,7,Regulares
CLI-0490,2024-12-15,5,1178.5900000000001,16,5,2,3,10,Potencial
CLI-0491,2024-07-22,7,991.69,162,2,3,2,7,Regulares
CLI-0492,2024-11-29,9,1939.21,32,4,5,4,13,Campeones
CLI-0493,2024-11-12,9,1437.05,49,4,5,3,12,Leales
CLI-0494,2024-11-28,5,1410.6799999999998,33,4,2,3,9,Potencial
CLI-0495,2024-11-12,9,1910.37,49,4,5,4,13,Campeones
CLI-0496,2024-10-17,5,743.05,75,3,2,1,6,Regulares
CLI-0497,2024-11-17,7,927.6700000000001,44,4,3,2,9,Leales
CLI-0498,2024-12-10,7,1110.74,21,5,3,3,11,Leales
CLI-0499,2024-12-15,6,730.6,16,5,3,1,9,Leales
CLI-0500,2024-11-15,6,1854.46,46,4,3,4,11,Leales
CLI-0501,2024-11-17,5,531.65,44,4,2,1,7,Potencial
CLI-0502,2024-10-20,7,1070.87,72,3,3,2,8,Regulares
CLI-0503,2024-06-13,9,1581.92,201,1,5,4,10,En riesgo
CLI-0504,2024-07-26,6,2212.1,158,2,3,5,10,Regulares
CLI-0505,2024-09-29,4,612.33,93,3,1,1,5,Regulares
CLI-0506,2024-09-30,10,2141.37,92,3,5,5,13,Campeones
CLI-0507,2024-02-20,4,391.71999999999997,315,1,1,1,3,Perdidos
CLI-0508,2024-12-18,10,1915.9,13,5,5,4,14,Campeones
CLI-0509,2024-06-20,8,1498.07,194,1,4,4,9,En riesgo
CLI-0510,2023-12-16,4,687.34,381,1,1,1,3,Perdidos
CLI-0511,2024-09-19,11,2665.88,103,3,5,5,13,Campeones
CLI-0512,2024-12-24,9,1539.98,7,5,5,4,14,Campeones
CLI-0513,2024-09-10,3,563.8299999999999,112,2,1,1,4,Regulares
CLI-0514,2024-09-21,7,1004.39,101,3,3,2,8,Regulares
CLI-0515,2024-09-01,5,619.15,121,2,2,1,5,Regulares
CLI-0516,2024-07-07,10,2017.14,177,2,5,5,12,En riesgo
CLI-0517,2024-10-24,5,826.44,68,3,2,2,7,Regulares
CLI-0518,2024-11-19,8,1257.5700000000002,42,4,4,3,11,Leales
CLI-0519,2024-11-17,5,1007.84,44,4,2,2,8,Potencial
CLI-0520,2024-09-07,11,2130.54,115,2,5,5,12,En riesgo
CLI-0521,2024-10-23,8,2273.73,69,3,4,5,12,Regulares
CLI-0522,2024-11-06,11,2626.02,55,4,5,5,14,Campeones
CLI-0523,2024-10-30,2,340.92,62,3,1,1,5,Regulares
CLI-0524,2024-10-20,3,501.63,72,3,1,1,5,Regulares
CLI-0525,2024-11-01,8,2754.62,60,3,4,5,12,Regulares
CLI-0526,2024-06-11,2,454.74,203,1,1,1,3,Perdidos
CLI-0527,2024-12-26,7,1181.64,5,5,3,3,11,Leales
CLI-0528,2024-11-23,13,3062.69,38,4,5,5,14,Campeones
CLI-0529,2024-07-26,6,1216.79,158,2,3,3,8,Regulares
CLI-0530,2024-08-06,8,1208.16,147,2,4,3,9,En riesgo
CLI-0531,2024-04-13,10,2230.02,262,1,5,5,11,En riesgo
CLI-0532,2024-11-26,2,565.46,35,4,1,1,6,Potencial
CLI-0533,2024-09-25,8,1675.44,97,3,4,4,11,Regulares
CLI-0534,2024-12-13,6,1074.95,18,5,3,2,10,Leales
CLI-0535,2024-11-26,4,786.61,35,4,1,2,7,Potencial
CLI-0536,2024-10-21,7,1437.74,71,3,3,3,9,Regulares
CLI-0537,2024-10-13,8,1898.02,79,3,4,4,11,Regulares
CLI-0538,2024-07-06,3,879.3399999999999,178,2,1,2,5,Regulares
CLI-0539,2024-07-25,5,782.44,159,2,2,2,6,Regulares
CLI-0540,2024-12-27,9,1337.48,4,5,5,3,13,Campeones
CLI-0541,2024-04-11,9,2254.16,264,1,5,5,11,En riesgo
CLI-0542,2024-11-02,8,1351.28,59,3,4,3,10,Regulares
CLI-0543,2024-12-28,7,2540.12,3,5,3,5,13,Campeones
CLI-0544,2024-08-24,4,814.84,129,2,1,2,5,Regulares
CLI-0545,2024-09-09,5,531.17,113,2,2,1,5,Regulares
CLI-0546,2024-10-25,9,1579.01,67,3,5,4,12,Regulares
CLI-0547,2024-11-08,8,1202.56,53,4,4,3,11,Leales
CLI-0548,2024-11-16,5,595.89,45,4,2,1,7,Potencial
CLI-0549,2023-12-29,5,710.6600000000001,368,1,2,1,4,Regulares
CLI-0550,2024-06-03,8,1268.47,211,1,4,3,8,En riesgo
CLI-0551,2024-05-07,6,1399.3400000000001,238,1,3,3,7,Regulares
CLI-0552,2024-12-08,7,1203.02,23,5,3,3,11,Leales
CLI-0553,2024-05-14,7,1115.87,231,1,3,3,7,Regulares
CLI-0554,2024-07-19,9,1247.47,165,2,5,3,10,En riesgo
CLI-0555,2024-04-25,6,1256.32,250,1,3,3,7,Regulares
CLI-0556,2024-10-25,5,880.88,67,3,2,2,7,Regulares
CLI-0557,2024-08-16,9,1434.72,137,2,5,3,10,En riesgo
CLI-0558,2024-09-14,9,1748.81,108,2,5,4,11,En riesgo
CLI-0559,2024-08-10,7,1246.55,143,2,3,3,8,Regulares
CLI-0560,2024-03-15,7,1690.75,291,1,3,4,8,Regulares
CLI-0561,2024-08-12,13,2797.13,141,2,5,5,12,En riesgo
CLI-0562,2024-12-28,7,1945.5099999999998,3,5,3,4,12,Leales
CLI-0563,2024-09-19,4,743.73,103,3,1,1,5,Regulares
CLI-0564,2024-09-19,6,680.74,103,3,3,1,7,Regulares
CLI-0565,2024-12-18,8,1256.1,13,5,4,3,12,Leales
CLI-0566,2024-10-23,10,1968.49,69,3,5,5,13,Campeones
CLI-0567,2024-08-27,6,1100.92,126,2,3,2,7,Regulares
CLI-0568,2024-11-11,12,2114.65,50,4,5,5,14,Campeones
CLI-0569,2024-12-07,4,1885.69,24,5,1,4,10,Potencial
CLI-0570,2024-10-24,7,731.76,68,3,3,1,7,Regulares
CLI-0571,2024-02-10,4,1131.83,325,1,1,3,5,Perdidos
CLI-0572,2024-11-08,2,475.70000000000005,53,4,1,1,6,Potencial
CLI-0573,2024-08-01,5,1547.3600000000001,152,2,2,4,8,Regulares
CLI-0574,2024-05-08,5,662.1999999999999,237,1,2,1,4,Regulares
CLI-0575,2024-06-13,7,1467.3,201,1,3,4,8,Regulares
CLI-0576,2024-11-03,3,601.83,58,4,1,1,6,Potencial
CLI-0577,2024-08-27,5,827.24,126,2,2,2,6,Regulares
CLI-0578,2024-10-19,5,1139.19,73,3,2,3,8,Regulares
CLI-0579,2024-10-03,8,1166.94,89,3,4,3,10,Regulares
CLI-0580,2024-12-29,8,1556.33,2,5,4,4,13,Campeones
CLI-0581,2024-12-08,8,791.29,23,5,4,2,11,Leales
CLI-0582,2024-11-15,6,835.13,46,4,3,2,9,Leales
CLI-0583,2024-12-30,6,1085.6100000000001,1,5,3,2,10,Leales
CLI-0584,2024-10-22,8,1580.1200000000001,70,3,4,4,11,Regulares
CLI-0585,2024-11-02,5,1168.89,59,3,2,3,8,Regulares
CLI-0586,2024-07-29,7,982.75,155,2,3,2,7,Regulares
CLI-0587,2024-07-05,6,1050.7,179,2,3,2,7,Regulares
CLI-0588,2023-08-07,4,396.78,512,1,1,1,3,Perdidos
CLI-0589,2024-12-07,8,1241.03,24,5,4,3,12,Leales
CLI-0590,2024-12-08,8,901.4100000000001,23,5,4,2,11,Leales
CLI-0591,2024-09-01,7,1558.3799999999999,121,2,3,4,9,Regulares
CLI-0592,2024-08-04,12,2214.75,149,2,5,5,12,En riesgo
CLI-0593,2024-06-16,4,348.03,198,1,1,1,3,Perdidos
CLI-0594,2024-08-28,4,825.54,125,2,1,2,5,Regulares
CLI-0595,2024-11-29,7,2295.11,32,4,3,5,12,Leales
CLI-0596,2024-11-23,7,1164.13,38,4,3,3,10,Leales
CLI-0597,2024-12-20,6,1480.29,11,5,3,4,12,Leales
CLI-0598,2024-09-11,8,2264.3,111,2,4,5,11,En riesgo
CLI-0599,2024-11-23,10,2149.7200000000003,38,4,5,5,14,Campeones
CLI-0600,2024-10-19,4,429.61,73,3,1,1,5,Regulares
CLI-0601,2024-11-29,12,3046.76,32,4,5,5,14,Campeones
CLI-0602,2024-08-17,5,801.24,136,2,2,2,6,Regulares
CLI-0603,2024-12-21,6,1268.24,10,5,3,3,11,Leales
CLI-0604,2024-11-11,7,720.76,50,4,3,1,8,Leales
CLI-0605,2024-12-24,8,1788.34,7,5,4,4,13,Campeones
CLI-0606,2024-04-21,9,2175.92,254,1,5,5,11,En riesgo
CLI-0607,2024-08-10,9,2637.39,143,2,5,5,12,En riesgo
CLI-0608,2024-10-31,5,1858.87,61,3,2,4,9,Regulares
CLI-0609,2024-10-10,5,1138.83,82,3,2,3,8,Regulares
CLI-0610,2024-09-12,5,1900.96,110,2,2,4,8,Regulares
CLI-0611,2023-06-30,2,470.21999999999997,550,1,1,1,3,Perdidos
CLI-0612,2023-05-07,7,1199.78,604,1,3,3,7,Regulares
CLI-0613,2024-08-29,3,385.37,124,2,1,1,4,Regulares
CLI-0614,2024-12-28,7,1401.72,3,5,3,3,11,Leales
CLI-0615,2024-11-11,7,1947.91,50,4,3,4,11,Leales
CLI-0616,2024-11-11,5,478.36,50,4,2,1,7,Potencial
CLI-0617,2024-11-07,7,1926.79,54,4,3,4,11,Leales
CLI-0618,2024-12-29,9,2558.8,2,5,5,5,15,Campeones
CLI-0619,2024-12-28,10,2769.31,3,5,5,5,15,Campeones
CLI-0620,2024-12-30,10,2414.63,1,5,5,5,15,Campeones
CLI-0621,2024-09-19,9,2528.98,103,3,5,5,13,Campeones
CLI-0622,2024-11-02,3,1171.65,59,3,1,3,7,Regulares
CLI-0623,2024-12-07,13,2141.2000000000003,24,5,5,5,15,Campeones
CLI-0624,2024-12-03,6,732.45,28,5,3,1,9,Leales
CLI-0625,2024-06-24,4,547.35,190,1,1,1,3,Perdidos
CLI-0626,2024-09-08,11,2397.48,114,2,5,5,12,En riesgo
CLI-0627,2024-11-30,11,2506.75,31,4,5,5,14,Campeones
CLI-0628,2024-07-21,9,1993.2,163,2,5,5,12,En riesgo
CLI-0629,2024-03-25,3,746.73,281,1,1,1,3,Perdidos
CLI-0630,2024-06-03,4,1110.9,211,1,1,3,5,Perdidos
CLI-0631,2024-06-07,2,261.7,207,1,1,1,3,Perdidos
CLI-0632,2024-09-03,8,2492.0299999999997,119,2,4,5,11,En riesgo
CLI-0633,2024-08-09,5,1019.55,144,2,2,2,6,Regulares
CLI-0634,2024-11-24,9,1375.32,37,4,5,3,12,Leales
CLI-0635,2024-12-27,5,1572.1100000000001,4,5,2,4,11,Potencial
CLI-0636,2024-10-12,1,265.57,80,3,1,1,5,Regulares
CLI-0637,2024-10-18,4,744.5899999999999,74,3,1,1,5,Regulares
CLI-0638,2024-11-30,9,2140.81,31,4,5,5,14,Campeones
CLI-0639,2024-11-15,10,1720.13,46,4,5,4,13,Campeones
CLI-0640,2024-07-11,7,2233.24,173,2,3,5,10,Regulares
CLI-0641,2024-06-16,5,1024.41,198,1,2,2,5,Regulares
CLI-0642,2024-11-02,4,411.0,59,3,1,1,5,Regulares
CLI-0643,2024-11-22,6,2444.27,39,4,3,5,12,Leales
CLI-0644,2024-11-22,6,632.2,39,4,3,1,8,Leales
CLI-0645,2024-12-09,4,823.0799999999999,22,5,1,2,8,Potencial
CLI-0646,2024-05-25,9,1569.42,220,1,5,4,10,En riesgo
CLI-0647,2024-09-28,6,935.26,94,3,3,2,8,Regulares
CLI-0648,2024-06-12,2,217.79,202,1,1,1,3,Perdidos
CLI-0649,2024-12-15,13,2115.66,16,5,5,5,15,Campeones
CLI-0650,2024-12-28,4,551.4,3,5,1,1,7,Potencial
CLI-0651,2024-07-24,6,699.72,160,2,3,1,6,Regulares
CLI-0652,2023-12-20,4,677.42,377,1,1,1,3,Perdidos
CLI-0653,2024-08-23,8,2314.7000000000003,130,2,4,5,11,En riesgo
CLI-0654,2024-03-01,4,1327.93,305,1,1,3,5,Perdidos
CLI-0655,2024-07-03,7,1720.87,181,2,3,4,9,Regulares
CLI-0656,2024-02-01,3,848.04,334,1,1,2,4,Perdidos
CLI-0657,2024-12-11,5,1040.75,20,5,2,2,9,Potencial
CLI-0658,2024-12-20,5,641.78,11,5,2,1,8,Potencial
CLI-0659,2024-11-21,5,690.8399999999999,40,4,2,1,7,Potencial
CLI-0660,2024-10-31,4,437.56,61,3,1,1,5,Regulares
CLI-0661,2024-12-16,8,1461.93,15,5,4,4,13,Campeones
CLI-0662,2024-05-16,8,1626.17,229,1,4,4,9,En riesgo
CLI-0663,2024-11-24,5,1261.87,37,4,2,3,9,Potencial
CLI-0664,2024-11-26,12,2561.47,35,4,5,5,14,Campeones
CLI-0665,2024-09-27,5,758.67,95,3,2,2,7,Regulares
CLI-0666,2024-10-31,6,1700.45,61,3,3,4,10,Regulares
CLI-0667,2024-07-12,4,932.1700000000001,172,2,1,2,5,Regulares
CLI-0668,2024-12-04,9,1491.1799999999998,27,5,5,4,14,Campeones
CLI-0669,2024-12-02,4,873.64,29,4,1,2,7,Potencial
CLI-0670,2024-09-15,8,1246.98,107,2,4,3,9,En riesgo
CLI-0671,2024-07-14,4,421.55,170,2,1,1,4,Regulares
CLI-0672,2024-05-27,2,316.49,218,1,1,1,3,Perdidos
CLI-0673,2024-08-09,10,1449.3899999999999,144,2,5,4,11,En riesgo
CLI-0674,2024-09-21,4,1498.8200000000002,101,3,1,4,8,Regulares
CLI-0675,2024-09-03,7,1251.49,119,2,3,3,8,Regulares
CLI-0676,2024-05-14,8,1652.25,231,1,4,4,9,En riesgo
CLI-0677,2024-12-29,8,1329.51,2,5,4,3,12,Leales
CLI-0678,2024-12-06,6,1616.25,25,5,3,4,12,Leales
CLI-0679,2024-08-31,4,727.6,122,2,1,1,4,Regulares
CLI-0680,2024-11-17,11,2913.59,44,4,5,5,14,Campeones
CLI-0681,2024-07-20,4,609.08,164,2,1,1,4,Regulares
CLI-0682,2023-09-11,4,844.25,477,1,1,2,4,Perdidos
CLI-0683,2024-11-02,7,987.91,59,3,3,2,8,Regulares
CLI-0684,2024-10-25,9,1965.46,67,3,5,5,13,Campeones
CLI-0685,2024-05-29,4,656.06,216,1,1,1,3,Perdidos
CLI-0686,2024-12-23,6,1423.72,8,5,3,3,11,Leales
CLI-0687,2024-12-03,8,2327.4700000000003,28,5,4,5,14,Campeones
CLI-0688,2024-07-29,6,1548.87,155,2,3,4,9,Regulares
CLI-0689,2024-08-08,7,1072.25,145,2,3,2,7,Regulares
CLI-0690,2024-10-15,11,2468.56,77,3,5,5,13,Campeones
CLI-0691,2024-11-15,7,1717.94,46,4,3,4,11,Leales
CLI-0692,2024-10-03,8,1639.6499999999999,89,3,4,4,11,Regulares
CLI-0693,2023-03-06,1,133.16,666,1,1,1,3,Perdidos
CLI-0694,2024-08-11,6,856.5699999999999,142,2,3,2,7,Regulares
CLI-0695,2024-11-18,5,881.15,43,4,2,2,8,Potencial
CLI-0696,2024-09-11,4,893.9399999999999,111,2,1,2,5,Regulares
CLI-0697,2024-10-16,9,2041.8200000000002,76,3,5,5,13,Campeones
CLI-0698,2024-12-26,10,1249.3600000000001,5,5,5,3,13,Campeones
CLI-0699,2024-09-04,4,436.69,118,2,1,1,4,Regulares
CLI-0700,2024-03-30,7,932.28,276,1,3,2,6,Regulares
CLI-0701,2024-01-27,4,597.36,339,1,1,1,3,Perdidos
CLI-0702,2024-10-31,9,2051.16,61,3,5,5,13,Campeones
CLI-0703,2024-10-06,10,2426.95,86,3,5,5,13,Campeones
CLI-0704,2024-08-02,9,1884.99,151,2,5,4,11,En riesgo
CLI-0705,2024-11-15,9,1897.8,46,4,5,4,13,Campeones
CLI-0706,2024-12-28,8,1069.84,3,5,4,2,11,Leales
CLI-0707,2024-02-05,4,1050.4899999999998,330,1,1,2,4,Perdidos
CLI-0708,2024-09-26,8,1066.78,96,3,4,2,9,Regulares
CLI-0709,2024-09-29,4,1791.04,93,3,1,4,8,Regulares
CLI-0710,2024-12-16,6,909.53,15,5,3,2,10,Leales
CLI-0711,2024-08-11,8,1898.8400000000001,142,2,4,4,10,En riesgo
CLI-0712,2024-12-03,7,2697.75,28,5,3,5,13,Campeones
CLI-0713,2024-07-18,7,1240.21,166,2,3,3,8,Regulares
CLI-0714,2024-10-25,4,784.92,67,3,1,2,6,Regulares
CLI-0715,2024-12-05,5,1421.04,26,5,2,3,10,Potencial
CLI-0716,2024-12-18,9,1409.77,13,5,5,3,13,Campeones
CLI-0717,2024-12-06,13,2490.01,25,5,5,5,15,Campeones
CLI-0718,2024-10-14,7,1214.85,78,3,3,3,9,Regulares
CLI-0719,2024-12-30,8,964.48,1,5,4,2,11,Leales
CLI-0720,2024-12-21,3,524.3,10,5,1,1,7,Potencial
CLI-0721,2024-07-21,7,983.82,163,2,3,2,7,Regulares
CLI-0722,2024-11-08,8,1922.02,53,4,4,4,12,Leales
CLI-0723,2024-11-05,8,1957.98,56,4,4,4,12,Leales
CLI-0724,2024-05-09,6,1278.41,236,1,3,3,7,Regulares
CLI-0725,2024-07-26,5,1670.89,158,2,2,4,8,Regulares
CLI-0726,2024-12-04,8,1139.49,27,5,4,3,12,Leales
CLI-0727,2024-11-24,8,2144.95,37,4,4,5,13,Campeones
CLI-0728,2024-11-13,9,3841.19,48,4,5,5,14,Campeones
CLI-0729,2024-06-02,3,523.99,212,1,1,1,3,Perdidos
CLI-0730,2024-12-21,8,3275.46,10,5,4,5,14,Campeones
CLI-0731,2024-08-24,9,971.11,129,2,5,2,9,En riesgo
CLI-0732,2024-05-23,7,1494.8300000000002,222,1,3,4,8,Regulares
CLI-0733,2024-09-21,5,1329.52,101,3,2,3,8,Regulares
CLI-0734,2024-07-15,4,599.1500000000001,169,2,1,1,4,Regulares
CLI-0735,2024-12-10,6,1125.29,21,5,3,3,11,Leales
CLI-0736,2024-10-07,2,274.23,85,3,1,1,5,Regulares
CLI-0737,2024-12-26,4,692.6600000000001,5,5,1,1,7,Potencial
CLI-0738,2024-12-14,9,2270.03,17,5,5,5,15,Campeones
CLI-0739,2024-12-10,9,1108.71,21,5,5,3,13,Campeones
CLI-0740,2024-12-12,7,1115.84,19,5,3,3,11,Leales
CLI-0741,2024-07-05,6,888.1999999999999,179,2,3,2,7,Regulares
CLI-0742,2024-09-01,3,618.4300000000001,121,2,1,1,4,Regulares
CLI-0743,2024-12-07,9,1858.47,24,5,5,4,14,Campeones
CLI-0744,2024-09-08,5,367.61,114,2,2,1,5,Regulares
CLI-0745,2024-01-26,3,319.41999999999996,340,1,1,1,3,Perdidos
CLI-0746,2024-10-22,8,1239.83,70,3,4,3,10,Regulares
CLI-0747,2024-11-08,8,1587.68,53,4,4,4,12,Leales
CLI-0748,2024-11-09,5,816.55,52,4,2,2,8,Potencial
CLI-0749,2024-11-15,6,3041.88,46,4,3,5,12,Leales
CLI-0750,2024-03-13,1,78.7,293,1,1,1,3,Perdidos
CLI-0751,2024-11-22,5,548.61,39,4,2,1,7,Potencial
CLI-0752,2024-07-04,5,2167.73,180,2,2,5,9,Regulares
CLI-0753,2024-05-24,7,2113.45,221,1,3,5,9,Regulares
CLI-0754,2024-12-12,11,1992.83,19,5,5,5,15,Campeones
CLI-0755,2024-11-16,9,1679.63,45,4,5,4,13,Campeones
CLI-0756,2024-12-04,6,983.25,27,5,3,2,10,Leales
CLI-0757,2024-12-15,12,3175.6000000000004,16,5,5,5,15,Campeones
CLI-0758,2024-10-13,7,1343.78,79,3,3,3,9,Regulares
CLI-0759,2024-12-11,7,1082.05,20,5,3,2,10,Leales
CLI-0760,2024-05-25,4,1171.78,220,1,1,3,5,Perdidos
CLI-0761,2024-12-23,10,1641.32,8,5,5,4,14,Campeones
CLI-0762,2024-11-20,15,4537.79,41,4,5,5,14,Campeones
CLI-0763,2024-12-30,9,1497.76,1,5,5,4,14,Campeones
CLI-0764,2024-09-11,8,1846.4,111,2,4,4,10,En riesgo
CLI-0765,2024-03-29,7,1258.08,277,1,3,3,7,Regulares
CLI-0766,2024-10-02,6,1073.08,90,3,3,2,8,Regulares
CLI-0767,2024-11-04,3,805.46,57,4,1,2,7,Potencial
CLI-0768,2024-12-30,9,1579.35,1,5,5,4,14,Campeones
CLI-0769,2024-07-01,7,1296.9,183,1,3,3,7,Regulares
CLI-0770,2024-12-09,10,1425.56,22,5,5,3,13,Campeones
CLI-0771,2024-10-29,8,2053.65,63,3,4,5,12,Regulares
CLI-0772,2024-10-02,3,131.04,90,3,1,1,5,Regulares
CLI-0773,2024-10-11,5,1042.87,81,3,2,2,7,Regulares
CLI-0774,2024-05-31,7,1643.41,214,1,3,4,8,Regulares
CLI-0775,2024-09-01,10,2690.47,121,2,5,5,12,En riesgo
CLI-0776,2024-11-24,9,2428.93,37,4,5,5,14,Campeones
CLI-0777,2024-03-21,4,760.48,285,1,1,2,4,Perdidos
CLI-0778,2024-12-14,5,947.75,17,5,2,2,9,Potencial
CLI-0779,2024-09-10,3,599.66,112,2,1,1,4,Regulares
CLI-0780,2024-11-06,8,1954.09,55,4,4,4,12,Leales
CLI-0781,2024-07-16,6,1195.9,168,2,3,3,8,Regulares
CLI-0782,2024-12-25,6,1326.5,6,5,3,3,11,Leales
CLI-0783,2024-08-02,9,1947.81,151,2,5,4,11,En riesgo
CLI-0784,2024-09-10,8,2344.7200000000003,112,2,4,5,11,En riesgo
CLI-0785,2024-12-27,9,3495.81,4,5,5,5,15,Campeones
CLI-0786,2024-08-24,8,2036.54,129,2,4,5,11,En riesgo
CLI-0787,2024-09-09,6,1850.6599999999999,113,2,3,4,9,Regulares
CLI-0788,2024-12-26,6,1216.97,5,5,3,3,11,Leales
CLI-0789,2024-10-16,5,710.07,76,3,2,1,6,Regulares
CLI-0790,2024-11-23,7,2131.41,38,4,3,5,12,Leales
CLI-0791,2024-10-19,7,1235.74,73,3,3,3,9,Regulares
CLI-0792,2023-09-12,8,1430.32,476,1,4,3,8,En riesgo
CLI-0793,2024-09-04,10,1754.81,118,2,5,4,11,En riesgo
CLI-0794,2024-09-20,13,3010.62,102,3,5,5,13,Campeones
CLI-0795,2024-11-11,5,479.26,50,4,2,1,7,Potencial
CLI-0796,2024-05-21,2,294.42,224,1,1,1,3,Perdidos
CLI-0797,2024-06-19,8,1289.12,195,1,4,3,8,En riesgo
CLI-0798,2024-11-30,9,1520.1,31,4,5,4,13,Campeones
CLI-0799,2024-12-09,10,2648.11,22,5,5,5,15,Campeones
CLI-0800,2024-12-08,7,795.99,23,5,3,2,10,Leales
CLI-0801,2024-10-05,7,2070.25,87,3,3,5,11,Regulares
CLI-0802,2024-10-17,8,2448.39,75,3,4,5,12,Regulares
CLI-0803,2024-12-26,8,1670.82,5,5,4,4,13,Campeones
CLI-0804,2024-05-16,6,940.8100000000001,229,1,3,2,6,Regulares
CLI-0805,2024-06-20,8,1507.68,194,1,4,4,9,En riesgo
CLI-0806,2024-10-31,8,961.26,61,3,4,2,9,Regulares
CLI-0807,2024-09-15,7,1064.4299999999998,107,2,3,2,7,Regulares
CLI-0808,2024-05-07,2,491.19,238,1,1,1,3,Perdidos
CLI-0809,2024-12-18,4,672.23,13,5,1,1,7,Potencial
CLI-0810,2024-08-12,10,2757.27,141,2,5,5,12,En riesgo
CLI-0811,2024-12-18,5,490.04,13,5,2,1,8,Potencial
CLI-0812,2024-11-14,5,959.97,47,4,2,2,8,Potencial
CLI-0813,2024-10-25,7,1460.7399999999998,67,3,3,4,10,Regulares
CLI-0814,2024-12-28,9,1964.58,3,5,5,5,15,Campeones
CLI-0815,2024-08-06,6,895.79,147,2,3,2,7,Regulares
CLI-0816,2024-10-21,9,2102.73,71,3,5,5,13,Campeones
CLI-0817,2023-11-10,1,650.44,417,1,1,1,3,Perdidos
CLI-0818,2024-12-24,8,1469.44,7,5,4,4,13,Campeones
CLI-0819,2024-07-31,8,2625.42,153,2,4,5,11,En riesgo
CLI-0820,2024-11-25,7,688.11,36,4,3,1,8,Leales
CLI-0821,2024-10-22,7,3007.1800000000003,70,3,3,5,11,Regulares
CLI-0822,2024-11-29,7,1263.94,32,4,3,3,10,Leales
CLI-0823,2024-09-11,6,869.5799999999999,111,2,3,2,7,Regulares
CLI-0824,2024-11-26,10,1500.71,35,4,5,4,13,Campeones
CLI-0825,2024-11-13,10,802.95,48,4,5,2,11,Leales
CLI-0826,2024-12-09,6,442.53,22,5,3,1,9,Leales
CLI-0827,2024-06-02,4,648.8299999999999,212,1,1,1,3,Perdidos
CLI-0828,2024-09-11,11,2139.36,111,2,5,5,12,En riesgo
CLI-0829,2024-02-02,2,235.63,333,1,1,1,3,Perdidos
CLI-0830,2024-08-20,10,1702.18,133,2,5,4,11,En riesgo
CLI-0831,2024-09-30,4,554.49,92,3,1,1,5,Regulares
CLI-0832,2024-10-16,8,2213.37,76,3,4,5,12,Regulares
CLI-0833,2024-05-04,9,2893.2200000000003,241,1,5,5,11,En riesgo
CLI-0834,2024-08-30,9,1290.62,123,2,5,3,10,En riesgo
CLI-0835,2024-08-01,8,1654.29,152,2,4,4,10,En riesgo
CLI-0836,2024-08-20,9,1947.98,133,2,5,4,11,En riesgo
CLI-0837,2024-08-23,6,744.9,130,2,3,1,6,Regulares
CLI-0838,2024-11-02,10,1846.86,59,3,5,4,12,Regulares
CLI-0839,2024-12-26,10,1938.81,5,5,5,4,14,Campeones
CLI-0840,2024-07-08,6,1153.31,176,2,3,3,8,Regulares
CLI-0841,2024-08-16,5,919.75,137,2,2,2,6,Regulares
CLI-0842,2024-08-02,7,1426.74,151,2,3,3,8,Regulares
CLI-0843,2024-11-12,7,1103.13,49,4,3,2,9,Leales
CLI-0844,2024-10-27,10,1814.85,65,3,5,4,12,Regulares
CLI-0845,2024-06-26,7,892.11,188,1,3,2,6,Regulares
CLI-0846,2024-08-30,8,830.07,123,2,4,2,8,En riesgo
CLI-0847,2024-12-11,10,2136.56,20,5,5,5,15,Campeones
CLI-0848,2024-11-07,7,1703.76,54,4,3,4,11,Leales
CLI-0849,2024-07-26,14,2913.2000000000003,158,2,5,5,12,En riesgo
CLI-0850,2024-11-28,13,2918.68,33,4,5,5,14,Campeones
CLI-0851,2024-09-24,7,1113.8400000000001,98,3,3,3,9,Regulares
CLI-0852,2024-12-02,7,1279.24,29,4,3,3,10,Leales
CLI-0853,2024-11-18,5,1942.47,43,4,2,4,10,Potencial
CLI-0854,2024-11-19,4,2109.0,42,4,1,5,10,Potencial
CLI-0855,2024-09-21,11,2017.06,101,3,5,5,13,Campeones
CLI-0856,2024-11-23,9,1409.05,38,4,5,3,12,Leales
CLI-0857,2024-12-20,2,351.98,11,5,1,1,7,Potencial
CLI-0858,2024-12-13,7,973.4,18,5,3,2,10,Leales
CLI-0859,2024-05-17,6,797.75,228,1,3,2,6,Regulares
CLI-0860,2024-12-14,5,2521.1,17,5,2,5,12,Potencial
CLI-0861,2024-12-15,5,970.9499999999999,16,5,2,2,9,Potencial
CLI-0862,2024-06-08,4,558.79,206,1,1,1,3,Perdidos
CLI-0863,2024-09-10,3,225.45,112,2,1,1,4,Regulares
CLI-0864,2024-06-05,10,2254.99,209,1,5,5,11,En riesgo
CLI-0865,2024-12-12,11,2593.35,19,5,5,5,15,Campeones
CLI-0866,2024-08-18,4,784.5699999999999,135,2,1,2,5,Regulares
CLI-0867,2024-12-29,6,955.91,2,5,3,2,10,Leales
CLI-0868,2024-12-02,7,1287.04,29,4,3,3,10,Leales
CLI-0869,2024-05-13,11,2356.77,232,1,5,5,11,En riesgo
CLI-0870,2024-10-25,12,1856.78,67,3,5,4,12,Regulares
CLI-0871,2024-12-20,8,1190.17,11,5,4,3,12,Leales
CLI-0872,2024-09-13,7,969.6300000000001,109,2,3,2,7,Regulares
CLI-0873,2024-02-22,5,782.29,313,1,2,2,5,Regulares
CLI-0874,2024-12-30,12,1795.36,1,5,5,4,14,Campeones
CLI-0875,2024-08-26,10,2352.42,127,2,5,5,12,En riesgo
CLI-0876,2024-11-10,9,1542.22,51,4,5,4,13,Campeones
CLI-0877,2023-08-21,3,491.38,498,1,1,1,3,Perdidos
CLI-0878,2024-09-29,6,1030.48,93,3,3,2,8,Regulares
CLI-0879,2024-07-04,6,3404.79,180,2,3,5,10,Regulares
CLI-0880,2024-06-17,5,605.0799999999999,197,1,2,1,4,Regulares
CLI-0881,2024-11-12,6,935.87,49,4,3,2,9,Leales
CLI-0882,2024-03-08,5,1196.28,298,1,2,3,6,Regulares
CLI-0883,2023-02-19,2,801.06,681,1,1,2,4,Perdidos
CLI-0884,2024-09-15,7,2308.7200000000003,107,2,3,5,10,Regulares
CLI-0885,2024-05-21,3,722.77,224,1,1,1,3,Perdidos
CLI-0886,2024-12-01,8,886.6,30,4,4,2,10,Leales
CLI-0887,2024-11-30,6,960.74,31,4,3,2,9,Leales
CLI-0888,2023-05-27,2,304.88,584,1,1,1,3,Perdidos
CLI-0889,2024-05-08,5,796.36,237,1,2,2,5,Regulares
CLI-0890,2024-09-11,9,1351.95,111,2,5,3,10,En riesgo
CLI-0891,2024-05-22,6,1127.36,223,1,3,3,7,Regulares
CLI-0892,2024-12-11,8,1525.17,20,5,4,4,13,Campeones
CLI-0893,2024-11-19,9,1962.78,42,4,5,5,14,Campeones
CLI-0894,2024-07-04,4,510.53999999999996,180,2,1,1,4,Regulares
CLI-0895,2024-11-28,4,761.62,33,4,1,2,7,Potencial
CLI-0896,2024-12-16,6,754.48,15,5,3,1,9,Leales
CLI-0897,2024-12-14,8,1770.03,17,5,4,4,13,Campeones
CLI-0898,2024-11-23,12,2552.15,38,4,5,5,14,Campeones
CLI-0899,2024-12-22,9,1728.84,9,5,5,4,14,Campeones
CLI-0900,2024-10-28,8,1457.0900000000001,64,3,4,4,11,Regulares
CLI-0901,2024-04-05,3,756.6700000000001,270,1,1,2,4,Perdidos
CLI-0902,2024-10-07,8,1384.1399999999999,85,3,4,3,10,Regulares
CLI-0903,2023-09-22,4,1128.97,466,1,1,3,5,Perdidos
CLI-0904,2024-03-16,7,1427.84,290,1,3,3,7,Regulares
CLI-0905,2024-12-09,9,1228.98,22,5,5,3,13,Campeones
CLI-0906,2023-10-19,3,275.51,439,1,1,1,3,Perdidos
CLI-0907,2024-07-26,6,1168.87,158,2,3,3,8,Regulares
CLI-0908,2024-10-19,2,123.77,73,3,1,1,5,Regulares
CLI-0909,2024-09-20,7,1983.19,102,3,3,5,11,Regulares
CLI-0910,2024-11-06,9,1681.0,55,4,5,4,13,Campeones
CLI-0911,2024-12-12,7,1331.47,19,5,3,3,11,Leales
CLI-0912,2024-10-25,8,2068.09,67,3,4,5,12,Regulares
CLI-0913,2024-08-30,11,1626.8600000000001,123,2,5,4,11,En riesgo
CLI-0914,2024-11-05,4,555.3399999999999,56,4,1,1,6,Potencial
CLI-0915,2024-09-16,9,1823.67,106,2,5,4,11,En riesgo
CLI-0916,2024-10-20,11,2706.54,72,3,5,5,13,Campeones
CLI-0917,2024-11-03,8,1479.67,58,4,4,4,12,Leales
CLI-0918,2024-11-07,4,1365.8999999999999,54,4,1,3,8,Potencial
CLI-0919,2024-11-05,7,1088.14,56,4,3,2,9,Leales
CLI-0920,2024-12-04,6,1578.41,27,5,3,4,12,Leales
CLI-0921,2024-06-08,7,1226.84,206,1,3,3,7,Regulares
CLI-0922,2024-11-28,6,1847.56,33,4,3,4,11,Leales
CLI-0923,2024-12-18,12,1744.57,13,5,5,4,14,Campeones
CLI-0924,2024-05-06,6,1104.53,239,1,3,3,7,Regulares
CLI-0925,2024-09-02,9,1432.13,120,2,5,3,10,En riesgo
CLI-0926,2024-12-14,10,2538.53,17,5,5,5,15,Campeones
CLI-0927,2024-11-27,6,1017.16,34,4,3,2,9,Leales
CLI-0928,2024-10-30,4,752.46,62,3,1,1,5,Regulares
CLI-0929,2024-05-25,8,1347.4,220,1,4,3,8,En riesgo
CLI-0930,2024-12-22,7,1600.72,9,5,3,4,12,Leales
CLI-0931,2024-11-26,6,1649.18,35,4,3,4,11,Leales
CLI-0932,2024-09-17,4,697.73,105,2,1,1,4,Regulares
CLI-0933,2024-06-30,5,526.49,184,1,2,1,4,Regulares
CLI-0934,2024-08-08,5,944.24,145,2,2,2,6,Regulares
CLI-0935,2024-06-20,7,1346.87,194,1,3,3,7,Regulares
CLI-0936,2024-12-22,3,521.91,9,5,1,1,7,Potencial
CLI-0937,2024-10-26,4,2268.08,66,3,1,5,9,Regulares
CLI-0938,2024-06-04,4,777.74,210,1,1,2,4,Perdidos
CLI-0939,2024-12-06,10,2317.84,25,5,5,5,15,Campeones
CLI-0940,2024-12-10,8,1377.8,21,5,4,3,12,Leales
CLI-0941,2024-10-17,3,667.8100000000001,75,3,1,1,5,Regulares
CLI-0942,2024-08-30,10,2138.66,123,2,5,5,12,En riesgo
CLI-0943,2024-12-18,8,2316.3999999999996,13,5,4,5,14,Campeones
CLI-0944,2024-11-12,10,1981.86,49,4,5,5,14,Campeones
CLI-0945,2024-02-15,4,407.26,320,1,1,1,3,Perdidos
CLI-0946,2024-08-31,7,2347.31,122,2,4,5,11,En riesgo
CLI-0947,2024-10-11,4,793.83,81,3,1,2,6,Regulares
CLI-0948,2024-12-20,10,1859.26,11,5,5,4,14,Campeones
CLI-0949,2024-12-20,8,1116.84,11,5,4,3,12,Leales
CLI-0950,2024-12-22,9,1676.54,9,5,5,4,14,Campeones
CLI-0951,2023-12-23,3,606.54,374,1,1,1,3,Perdidos
CLI-0952,2024-07-28,5,770.68,156,2,2,2,6,Regulares
CLI-0953,2023-12-07,4,389.04,390,1,1,1,3,Perdidos
CLI-0954,2024-04-08,5,1048.81,267,1,2,2,5,Regulares
CLI-0955,2024-10-27,8,1612.12,65,3,4,4,11,Regulares
CLI-0956,2024-11-18,6,1320.06,43,4,3,3,10,Leales
CLI-0957,2024-06-09,4,339.05,205,1,2,1,4,Regulares
CLI-0958,2024-10-10,4,760.76,82,3,2,2,7,Regulares
CLI-0959,2024-09-08,11,1848.86,114,2,5,4,11,En riesgo
CLI-0960,2024-09-10,8,1235.24,112,2,4,3,9,En riesgo
CLI-0961,2024-11-08,5,780.9399999999999,53,4,2,2,8,Potencial
CLI-0962,2024-12-30,7,1027.82,1,5,4,2,11,Leales
CLI-0963,2024-11-30,8,1562.62,31,4,4,4,12,Leales
CLI-0964,2024-12-19,1,439.69,12,5,1,1,7,Potencial
CLI-0965,2024-08-02,7,1217.4099999999999,151,2,4,3,9,En riesgo
CLI-0966,2024-09-22,6,1295.1,100,3,3,3,9,Regulares
CLI-0967,2024-12-28,11,2118.36,3,5,5,5,15,Campeones
CLI-0968,2024-06-27,6,1688.2,187,1,3,4,8,Regulares
CLI-0969,2024-12-11,11,3338.99,20,5,5,5,15,Campeones
CLI-0970,2024-09-18,6,1183.66,104,2,3,3,8,Regulares
CLI-0971,2023-12-29,3,624.1600000000001,368,1,1,1,3,Perdidos
CLI-0972,2024-11-03,5,1055.63,58,4,2,2,8,Potencial
CLI-0973,2024-10-31,4,884.07,61,3,2,2,7,Regulares
CLI-0974,2024-08-02,7,1533.8,151,2,4,4,10,En riesgo
CLI-0975,2024-11-03,9,3021.2200000000003,58,4,5,5,14,Campeones
CLI-0976,2024-11-23,7,803.38,38,4,4,2,10,Leales
CLI-0977,2024-11-09,8,2966.23,52,4,4,5,13,Campeones
CLI-0978,2024-10-02,6,1707.56,90,3,3,4,10,Regulares
CLI-0979,2024-08-25,6,440.79999999999995,128,2,3,1,6,Regulares
CLI-0980,2024-05-29,4,1034.5900000000001,216,1,2,2,5,Regulares
CLI-0981,2024-06-06,3,430.36,208,1,1,1,3,Perdidos
CLI-0982,2024-12-19,11,1634.65,12,5,5,4,14,Campeones
CLI-0983,2024-10-23,8,1503.42,69,3,4,4,11,Regulares
CLI-0984,2024-11-28,8,3365.4,33,4,4,5,13,Campeones
CLI-0985,2024-08-24,9,1837.08,129,2,5,4,11,En riesgo
CLI-0986,2024-08-11,11,1702.38,142,2,5,4,11,En riesgo
CLI-0987,2024-10-22,11,1835.17,70,3,5,4,12,Regulares
CLI-0988,2024-08-16,10,2563.48,137,2,5,5,12,En riesgo
CLI-0989,2024-09-01,9,1304.6399999999999,121,2,5,3,10,En riesgo
CLI-0990,2024-09-09,6,1014.89,113,2,3,2,7,Regulares
CLI-0991,2024-08-18,8,2242.26,135,2,4,5,11,En riesgo
CLI-0992,2024-11-14,11,2075.9,47,4,5,5,14,Campeones
CLI-0993,2024-07-27,11,1592.1,157,2,5,4,11,En riesgo
CLI-0994,2024-08-26,10,2267.56,127,2,5,5,12,En riesgo
CLI-0995,2024-05-25,6,996.24,220,1,3,2,6,Regulares
CLI-0996,2024-11-03,3,433.36,58,4,1,1,6,Potencial
CLI-0997,2024-11-26,9,1038.97,35,4,5,2,11,Leales
CLI-0998,2024-05-06,9,2499.44,239,1,5,5,11,En riesgo
CLI-0999,2024-06-12,11,2823.93,202,1,5,5,11,En riesgo
CLI-1000,2024-01-15,7,2230.96,351,1,4,5,10,En riesgo
CLI-1001,2024-11-09,7,1546.36,52,4,4,4,12,Leales
CLI-1002,2024-12-30,7,2219.02,1,5,4,5,14,Campeones
CLI-1003,2024-11-20,5,664.8,41,4,2,1,7,Potencial
CLI-1004,2024-10-27,5,1229.1,65,3,2,3,8,Regulares
CLI-1005,2024-10-14,8,986.44,78,3,4,2,9,Regulares
CLI-1006,2024-08-29,6,566.38,124,2,3,1,6,Regulares
CLI-1007,2024-05-09,2,331.59000000000003,236,1,1,1,3,Perdidos
CLI-1008,2024-08-11,5,1394.24,142,2,2,3,7,Regulares
CLI-1009,2024-11-23,6,877.11,38,4,3,2,9,Leales
CLI-1010,2024-09-03,6,1796.69,119,2,3,4,9,Regulares
CLI-1011,2024-04-05,5,708.07,270,1,2,1,4,Regulares
CLI-1012,2024-11-16,4,1107.88,45,4,2,3,9,Potencial
CLI-1013,2024-11-24,5,1449.94,37,4,2,4,10,Potencial
CLI-1014,2024-05-18,6,1483.44,227,1,3,4,8,Regulares
CLI-1015,2024-10-21,4,473.48,71,3,2,1,6,Regulares
CLI-1016,2024-06-13,3,1123.6100000000001,201,1,1,3,5,Perdidos
CLI-1017,2024-11-18,5,1327.53,43,4,2,3,9,Potencial
CLI-1018,2024-11-11,10,2678.08,50,4,5,5,14,Campeones
CLI-1019,2024-08-19,9,2056.19,134,2,5,5,12,En riesgo
CLI-1020,2024-11-24,6,1005.76,37,4,3,2,9,Leales
CLI-1021,2024-04-24,4,476.45,251,1,2,1,4,Regulares
CLI-1022,2024-11-24,5,806.02,37,4,2,2,8,Potencial
CLI-1023,2024-02-02,3,520.09,333,1,1,1,3,Perdidos
CLI-1024,2024-12-01,7,847.14,30,4,4,2,10,Leales
CLI-1025,2024-10-17,7,1024.77,75,3,4,2,9,Regulares
CLI-1026,2024-12-02,8,3411.87,29,4,4,5,13,Campeones
CLI-1027,2024-07-18,6,1255.68,166,2,3,3,8,Regulares
CLI-1028,2024-04-07,4,836.63,268,1,2,2,5,Regulares
CLI-1029,2024-12-27,6,1677.8000000000002,4,5,3,4,12,Leales
CLI-1030,2024-11-20,6,1412.04,41,4,3,3,10,Leales
CLI-1031,2024-06-07,6,1990.4,207,1,3,5,9,Regulares
CLI-1032,2024-10-31,9,1871.02,61,3,5,4,12,Regulares
CLI-1033,2024-10-28,8,1400.28,64,3,4,3,10,Regulares
CLI-1034,2024-09-02,9,1530.5,120,2,5,4,11,En riesgo
CLI-1035,2024-11-05,3,703.79,56,4,1,1,6,Potencial
CLI-1036,2024-12-16,10,1670.71,15,5,5,4,14,Campeones
CLI-1037,2024-12-23,9,2233.44,8,5,5,5,15,Campeones
CLI-1038,2024-07-16,7,1195.48,168,2,4,3,9,En riesgo
CLI-1039,2024-09-17,9,3740.0899999999997,105,2,5,5,12,En riesgo
CLI-1040,2024-06-15,4,1127.65,199,1,2,3,6,Regulares
CLI-1041,2024-10-31,8,1557.95,61,3,4,4,11,Regulares
CLI-1042,2024-10-15,5,669.42,77,3,2,1,6,Regulares
CLI-1043,2024-12-13,7,652.65,18,5,4,1,10,Leales
CLI-1044,2024-11-18,8,2178.7599999999998,43,4,4,5,13,Campeones
CLI-1045,2024-09-28,9,2004.3600000000001,94,3,5,5,13,Campeones
CLI-1046,2024-09-03,8,1476.26,119,2,4,4,10,En riesgo
CLI-1047,2024-06-20,10,2151.56,194,1,5,5,11,En riesgo
CLI-1048,2024-12-26,7,2256.33,5,5,4,5,14,Campeones
CLI-1049,2024-07-03,5,744.26,181,2,2,1,5,Regulares
CLI-1050,2024-11-25,9,1512.65,36,4,5,4,13,Campeones
CLI-1051,2024-07-25,7,1348.83,159,2,4,3,9,En riesgo
CLI-1052,2024-07-28,9,1947.82,156,2,5,4,11,En riesgo
CLI-1053,2024-11-21,7,1595.79,40,4,4,4,12,Leales
CLI-1054,2024-08-04,8,2198.05,149,2,4,5,11,En riesgo
CLI-1055,2024-11-27,8,2399.77,34,4,4,5,13,Campeones
CLI-1056,2024-10-27,5,1062.97,65,3,2,2,7,Regulares
CLI-1057,2024-09-24,4,1045.27,98,3,2,2,7,Regulares
CLI-1058,2024-12-25,9,1090.99,6,5,5,2,12,Leales
CLI-1059,2024-10-09,4,593.74,83,3,2,1,6,Regulares
CLI-1060,2024-12-20,10,2309.4100000000003,11,5,5,5,15,Campeones
CLI-1061,2024-11-12,5,567.1800000000001,49,4,2,1,7,Potencial
CLI-1062,2024-12-20,7,921.5,11,5,4,2,11,Leales
CLI-1063,2024-12-26,10,2011.99,5,5,5,5,15,Campeones
CLI-1064,2023-09-23,4,1063.9,465,1,2,2,5,Regulares
CLI-1065,2023-04-29,2,218.11,612,1,1,1,3,Perdidos
CLI-1066,2024-10-23,8,1647.37,69,3,4,4,11,Regulares
CLI-1067,2024-11-18,7,1151.58,43,4,4,3,11,Leales
CLI-1068,2024-08-01,7,1640.26,152,2,4,4,10,En riesgo
CLI-1069,2024-12-10,6,1820.9,21,5,3,4,12,Leales
CLI-1070,2024-09-29,5,1164.92,93,3,2,3,8,Regulares
CLI-1071,2024-12-25,12,2540.4900000000002,6,5,5,5,15,Campeones
CLI-1072,2024-09-21,8,1895.8799999999999,101,3,4,4,11,Regulares
CLI-1073,2023-03-23,1,693.78,649,1,1,1,3,Perdidos
CLI-1074,2023-10-16,3,266.73,442,1,1,1,3,Perdidos
CLI-1075,2024-10-26,9,1364.33,66,3,5,3,11,Regulares
CLI-1076,2024-12-10,12,2397.7,21,5,5,5,15,Campeones
CLI-1077,2024-10-26,7,1215.84,66,3,4,3,10,Regulares
CLI-1078,2024-08-08,5,629.74,145,2,2,1,5,Regulares
CLI-1079,2024-09-23,6,1323.9099999999999,99,3,3,3,9,Regulares
CLI-1080,2024-10-21,8,1255.23,71,3,4,3,10,Regulares
CLI-1081,2024-08-25,7,1126.54,128,2,4,3,9,En riesgo
CLI-1082,2024-02-18,6,1947.23,317,1,3,4,8,Regulares
CLI-1083,2024-12-25,11,2782.37,6,5,5,5,15,Campeones
CLI-1084,2024-11-18,7,1013.95,43,4,4,2,10,Leales
CLI-1085,2024-10-05,4,1140.17,87,3,2,3,8,Regulares
CLI-1086,2024-12-02,7,1798.99,29,4,4,4,12,Leales
CLI-1087,2023-08-13,1,241.06,506,1,1,1,3,Perdidos
CLI-1088,2023-01-14,1,88.8,717,1,1,1,3,Perdidos
CLI-1089,2024-12-26,10,2052.19,5,5,5,5,15,Campeones
CLI-1090,2024-10-04,10,2610.02,88,3,5,5,13,Campeones
CLI-1091,2024-09-13,7,516.74,109,2,4,1,7,En riesgo
CLI-1092,2024-07-20,9,1889.93,164,2,5,4,11,En riesgo
CLI-1093,2024-05-30,9,2737.7200000000003,215,1,5,5,11,En riesgo
CLI-1094,2024-10-29,6,1603.5800000000002,63,3,3,4,10,Regulares
CLI-1095,2024-09-22,9,1459.84,100,3,5,4,12,Regulares
CLI-1096,2024-11-30,5,1477.23,31,4,2,4,10,Potencial
CLI-1097,2024-11-03,12,1793.8799999999999,58,4,5,4,13,Campeones
CLI-1098,2024-11-21,8,1291.82,40,4,4,3,11,Leales
CLI-1099,2024-08-19,5,1849.5800000000002,134,2,2,4,8,Regulares
CLI-1100,2024-11-15,4,1076.6399999999999,46,4,2,2,8,Potencial
CLI-1101,2024-10-19,16,3350.48,73,3,5,5,13,Campeones
CLI-1102,2024-11-22,7,1014.7,39,4,4,2,10,Leales
CLI-1103,2024-12-04,7,1494.53,27,5,4,4,13,Campeones
CLI-1104,2024-08-10,8,1121.35,143,2,4,3,9,En riesgo
CLI-1105,2024-12-26,10,2248.82,5,5,5,5,15,Campeones
CLI-1106,2024-11-17,6,1416.22,44,4,3,3,10,Leales
CLI-1107,2024-10-18,9,1112.2099999999998,74,3,5,3,11,Regulares
CLI-1108,2024-11-16,6,772.99,45,4,3,2,9,Leales
CLI-1109,2024-09-27,3,962.8,95,3,1,2,6,Regulares
CLI-1110,2024-10-01,10,2171.59,91,3,5,5,13,Campeones
CLI-1111,2024-12-03,10,1712.65,28,5,5,4,14,Campeones
CLI-1112,2024-08-04,5,610.7,149,2,2,1,5,Regulares
CLI-1113,2024-08-11,7,1764.67,142,2,4,4,10,En riesgo
CLI-1114,2024-11-11,6,1000.65,50,4,3,2,9,Leales
CLI-1115,2024-11-13,6,971.39,48,4,3,2,9,Leales
CLI-1116,2024-11-06,4,504.17,55,4,2,1,7,Potencial
CLI-1117,2024-10-25,10,1177.34,67,3,5,3,11,Regulares
CLI-1118,2024-12-26,4,1409.52,5,5,2,3,10,Potencial
CLI-1119,2024-10-24,8,1447.75,68,3,4,3,10,Regulares
CLI-1120,2024-08-20,5,1650.4299999999998,133,2,2,4,8,Regulares
CLI-1121,2024-11-23,3,424.64,38,4,1,1,6,Potencial
CLI-1122,2024-10-10,3,274.62,82,3,1,1,5,Regulares
CLI-1123,2024-12-26,8,1822.07,5,5,4,4,13,Campeones
CLI-1124,2024-12-15,2,499.54999999999995,16,5,1,1,7,Potencial
CLI-1125,2024-12-19,6,1532.53,12,5,3,4,12,Leales
CLI-1126,2024-10-22,4,596.65,70,3,2,1,6,Regulares
CLI-1127,2024-12-03,15,2743.75,28,5,5,5,15,Campeones
CLI-1128,2024-12-27,11,1333.92,4,5,5,3,13,Campeones
CLI-1129,2024-12-30,7,827.92,1,5,4,2,11,Leales
CLI-1130,2024-12-10,11,2049.34,21,5,5,5,15,Campeones
CLI-1131,2024-12-17,8,922.79,14,5,4,2,11,Leales
CLI-1132,2024-07-09,6,1123.52,175,2,3,3,8,Regulares
CLI-1133,2024-10-02,9,1621.17,90,3,5,4,12,Regulares
CLI-1134,2024-06-30,8,839.77,184,1,4,2,7,En riesgo
CLI-1135,2024-07-19,4,805.27,165,2,2,2,6,Regulares
CLI-1136,2024-06-13,10,2187.38,201,1,5,5,11,En riesgo
CLI-1137,2024-06-25,7,1991.55,189,1,4,5,10,En riesgo
CLI-1138,2024-12-10,8,2140.78,21,5,4,5,14,Campeones
CLI-1139,2024-12-30,13,3219.64,1,5,5,5,15,Campeones
CLI-1140,2024-08-08,5,561.3199999999999,145,2,2,1,5,Regulares
CLI-1141,2024-10-11,4,1049.46,81,3,2,2,7,Regulares
CLI-1142,2024-12-15,5,528.74,16,5,2,1,8,Potencial
CLI-1143,2024-07-18,7,2213.04,166,2,4,5,11,En riesgo
CLI-1144,2024-07-11,10,2480.66,173,2,5,5,12,En riesgo
CLI-1145,2024-10-13,6,1529.05,79,3,3,4,10,Regulares
CLI-1146,2024-11-02,6,2150.83,59,3,3,5,11,Regulares
CLI-1147,2024-11-28,5,1108.49,33,4,2,3,9,Potencial
CLI-1148,2024-09-26,3,809.67,96,3,1,2,6,Regulares
CLI-1149,2024-12-27,7,1124.98,4,5,4,3,12,Leales
CLI-1150,2024-06-06,3,186.77,208,1,1,1,3,Perdidos
CLI-1151,2024-09-28,6,1180.97,94,3,3,3,9,Regulares
CLI-1152,2024-09-07,11,2066.23,115,2,5,5,12,En riesgo
CLI-1153,2024-04-08,6,821.03,267,1,3,2,6,Regulares
CLI-1154,2024-08-15,12,1700.58,138,2,5,4,11,En riesgo
CLI-1155,2024-12-28,5,987.12,3,5,2,2,9,Potencial
CLI-1156,2024-12-01,7,1783.76,30,4,4,4,12,Leales
CLI-1157,2024-05-26,3,1152.05,219,1,1,3,5,Perdidos
CLI-1158,2024-09-21,6,1032.87,101,3,3,2,8,Regulares
CLI-1159,2024-12-23,5,1687.95,8,5,2,4,11,Potencial
CLI-1160,2023-12-06,7,2526.07,391,1,4,5,10,En riesgo
CLI-1161,2024-10-29,4,467.84000000000003,63,3,2,1,6,Regulares
CLI-1162,2024-12-23,10,3941.7999999999997,8,5,5,5,15,Campeones
CLI-1163,2024-04-10,3,214.14,265,1,1,1,3,Perdidos
CLI-1164,2023-02-25,1,265.7,675,1,1,1,3,Perdidos
CLI-1165,2024-09-04,9,2503.77,118,2,5,5,12,En riesgo
CLI-1166,2024-10-16,8,1301.26,76,3,4,3,10,Regulares
CLI-1167,2024-12-24,6,1487.72,7,5,3,4,12,Leales
CLI-1168,2024-12-25,7,1495.65,6,5,4,4,13,Campeones
CLI-1169,2024-05-27,8,2273.35,218,1,4,5,10,En riesgo
CLI-1170,2024-09-21,10,2124.36,101,3,5,5,13,Campeones
CLI-1171,2024-10-26,7,1022.6899999999999,66,3,4,2,9,Regulares
CLI-1172,2024-11-18,7,1476.9,43,4,4,4,12,Leales
CLI-1173,2024-12-21,10,1483.19,10,5,5,4,14,Campeones
CLI-1174,2023-11-07,3,3240.27,420,1,1,5,7,Perdidos
CLI-1175,2024-03-22,3,586.2,284,1,1,1,3,Perdidos
CLI-1176,2024-09-06,8,1864.87,116,2,4,4,10,En riesgo
CLI-1177,2024-11-12,7,1091.31,49,4,4,2,10,Leales
CLI-1178,2024-07-08,8,1256.9299999999998,176,2,4,3,9,En riesgo
CLI-1179,2024-09-16,6,1076.72,106,2,3,2,7,Regulares
CLI-1180,2024-07-01,11,2170.6,183,1,5,5,11,En riesgo
CLI-1181,2024-08-10,5,829.9,143,2,2,2,6,Regulares
CLI-1182,2024-11-20,7,1287.84,41,4,4,3,11,Leales
CLI-1183,2024-08-18,4,995.4100000000001,135,2,2,2,6,Regulares
CLI-1184,2024-09-30,7,1959.3799999999999,92,3,4,4,11,Regulares
CLI-1185,2024-11-04,10,1848.0,57,4,5,4,13,Campeones
CLI-1186,2024-12-10,6,931.74,21,5,3,2,10,Leales
CLI-1187,2024-12-21,6,944.94,10,5,3,2,10,Leales
CLI-1188,2024-11-13,8,1396.51,48,4,4,3,11,Leales
CLI-1189,2024-12-12,7,957.5,19,5,4,2,11,Leales
CLI-1190,2024-12-20,11,1367.94,11,5,5,3,13,Campeones
CLI-1191,2024-08-04,8,1755.84,149,2,4,4,10,En riesgo
CLI-1192,2024-11-16,7,959.5,45,4,4,2,10,Leales
CLI-1193,2024-10-05,7,1389.69,87,3,4,3,10,Regulares
CLI-1194,2024-10-27,7,2105.42,65,3,4,5,12,Regulares
CLI-1195,2024-10-09,6,1167.31,83,3,3,3,9,Regulares
CLI-1196,2024-12-05,9,1274.33,26,5,5,3,13,Campeones
CLI-1197,2024-07-13,8,2081.23,171,2,4,5,11,En riesgo
CLI-1198,2024-11-12,6,1448.53,49,4,3,4,11,Leales
CLI-1199,2024-10-12,8,1222.8899999999999,80,3,4,3,10,Regulares
CLI-1200,2024-05-02,7,1172.43,243,1,4,3,8,En riesgo
